,SummonerID,Summoner_Name,Wins,Losses,League_Points,Account_ID
0,-0lV2KSOrYgZfH44TC1hyRlpZuge1BjZL4j7OFoRa001yHA,markboots,194,173,0,sVvAPfkUhY_elKH3VfT0cQ1zL9clktoDeKOA2CSu8-oP48U
1,-4QdjnBya3dqrBtrVYShRbQ-L8z2SvuyImUKQDQGp1m4lS0,Titan Dweevil,332,318,160,yV5FUewOtSBuvyAsbyV6V_-LgB2VXGpgeVHKkSxQpKrEsw
2,-8FIUW94-YVyLr8wDjUvsOQ34rZsVlDH0jtP-1OjKhk9HJY,Fear Of Vi,269,248,10,Ci237tEo6zBMqyNQdFZR5LxakjscZl0wkMddqo4u7Qtq8gc
3,-9ch8HOPdNEKXivL3RdqGaXZCrskCq0wIdp1963L6Z7inhs,StopHittingBaron,75,64,16,5TpNebETkfxGA3bbXVD-03R8kEIFOfihBNs0UcuUqsZ1fQ
4,-JRSF0ruGgzSuC4iLYbrjorqRFDo2iNwJls230IojUqeIuA,Jozyy,272,257,60,0OHOlEZDghzbtl6n95GyCZvOAHBlQSn5boTZdCuZwBEFrw
5,-MdHS3sOlb9GZsaTgZno8J7-di98r9aFHuS7LIwj9dfkNuI,ˇ aaron,404,390,87,b7t2-fZzozmhZhn_zo4rNznfWxwulP4nWLLaRTECq_-bhus
6,-N52b_MfnapgaHpY0BcdZpiqj9XiD1OX8xcAqIhLR53pLT8,Eyyywick,128,107,18,KXRABEmAGRfiITixChVX0TXaPLiELbY7ZkdydSdiY9zD9g
7,-RCSusKUM08DO4Xf1a71PQS2hapjSDixZonjsFMqAlHs4IQ,OddTurtle,66,57,92,7ERYP9spFkble1qpmxLF3zQ-bHFkJ4DV9Yd9iEES1GOIeA
8,-eFrIY6sSOb-QYuG0K8_VRkDTxvqrhwIvvpY5EWmDYUfYCQ,ChaosRain,187,175,7,TaY9EcDama3dI0rgL1MUM6LSFIlpA6xKCwSEDFhtwBN1wLc
9,-hv3jz4fQ0j-DrcV67cy_UfFuIOfjwWIHan4cJG0t8Hp4t0,Bâck To Paradise,78,48,63,GQldN83ympM85gYepAGqcL6pL9vgDkeuw0ovp0uiQfKXjA
10,-lCBY1RCLbe4UfCZEs7IjPgdAiHkOwE3hKaZpHDtTi_oQAg,ryanrg,162,148,26,GF06hrGuyQQ0bhOjlykk5R2uF5KQJ3gMjVisbdCN_2vZUus
11,07v_Blk3CIJJeDCQGChpu2tRSd-QG1zTmI9nr6NAfIhwBKs,LowKeyBoost Ćom,142,92,39,oWAzkMGydNdN7Uv0zAj9-AAXYc40OlVPkL1ABQ8GRgjtriA
12,08i0p5LTa-A8T_RHbrAzXXiMtiUpiVhz-CuN668Va6NqdP0,PurpleRoo,233,212,64,pEqeKM0NqvJFOQ8oMae9hIXs4o5oo_2hwYtystQsjPHRGQ
13,0CPZqRzAZOv-hRGmBWhpxRs2NP9o0NFhz8pgg6BpFtvl1B0,Fear My Jayce,80,52,15,mALhVGtPsw0c3uiiUPRc1Uyt9fnVVZQ9lexNQMfMXNsIOA
14,0DEHdHpFQnYO4EeSjIjjXettRT7GSItSztB-pm9CWocAhUY,dawolfsclaw,53,40,18,QotVE4FxoP4P0UZYJGNRzj4vCmudf7KjdZ_VB6cbWobw6Q
15,0L1f98s1A1WPGMhOSHv_wjfIgNM9Wen8nzdFr9zzsNGNzTo,Anivia Kid,132,124,128,pYr3fAP-UoBl8X4WXyOA_aH7XiVvuijzH9mZ0tSuTo0iD-A
16,0UXnes-ass_lkCPIYeNtjJolPREtxLCXT6PBrW8caNtVll4,Regular Mid,130,99,131,8oTeLshgZK9JdK72C5ufq9Rz5kmbfJJFg5NGYwlwZmEbjRE
17,0UcfOPoMSf8sRW0Xnzf3d5ZpT4XzFKQLQJB9aILRCl0VgDk,ArgentumSky,94,76,130,Hl62p65-lsCDJu7nai9JrKtYNi2m_EMFVqWtSkxN_4sfNdI
18,0X4T_pHaXgC3ZTrO2TAgpTE_W5NtCCmvh37oQx_4iTD1u48,Kill Our ADC ,138,93,36,FlZteG3usao73P9g-QoHIPoOwiALSQ7ewKOdqRtE_VBHK7A
19,0eGj2rk9xjFMqDDcSscRkL_hqlBuYX9N2deHjhjdHhfEjrQ,ekkoro,62,38,68,FHbV19eIQzspwKBd16dT2WTyFON9BvedemmjmDCticwSGus
20,0i2ed7mlSMrlMf4T03kNAsL6sZNkbR5jYpDwFwXy569WV6c,Third Bolt,179,164,15,Yw_WhDIWuB3i9XRVhhORmRS9scGQ4Qk7VneBXk5ltnnVzu4
21,0lGg2Ymt03mLdo5nbcTasCqsTykt_XszzcxLbqledAA5sV8,THE Jons,196,187,78,s0LcEdMAYM7JesBGdGis_7wqk6-1Ju4LFgk0WxCbZHbkNw
22,0neayJlcRuPW1vj8DqviWnMgWnnK2PQ8lA6Sb8R62hc_tqA,Alicopter,180,182,86,I2lGRMd9tXqgwVFQJ12D6XgMvN_nUjtAcRrGbJ4kqBuXUA
23,0yhVwGorXMHhVS8LdcjzfP2bgfcq6hzygi68bZRZYk2wH9g,Blazed Nova,131,112,147,21TR1XkwF37hzi1JWUeNFZ5Yp1uOsaiTdYsWGUQ3_2AAeg
24,1619F8pypJsgpCFGkzntXcNLwQpShowcEdFUNmCZ2jgv3KE,Zequilla,142,132,101,He9GS1-L1h3kNwSdhRzw1FJjzX5aRJW2pAZxl_iOnffuOVc
25,1Evh-fFVE5gd4KXEsCP7iZdtLQ55dasoa7bLdlUUbuhIaNI,shi zi wàng,254,233,34,qqVau34gh5HdIXu8n1z1p_nOZicLsrpdqOqCo50air0rSEA
26,1MtdiVjFgKfSvtQxUFUtkc4CZUjdRetVotDC6txdgompAxs,CBC,170,149,98,sra52lCh6A2v2ZAErlkXFrkQQyjDBaOHJYUBtdJDNJF9ow
27,1Pup01i9gTLO_qurTeKQY14fzb0nCQaY4T1pN0HWZg27la0,Alymere,61,39,61,p1s0fKsP0dM9OtRPU_JGEbl9_SJqgjSA3XCBLMjOK-I6QGI
28,1RrgheLJl73pJP_7N-5OocJd53Voy3N3DILJJRr6fMV8GMA,Unstoppable,51,36,41,1d9H_YWoW137AcBBTWoRmIk6y1k9k2-VR5Di_UU9WdBx6a4
29,1UHiirugTa7G64DD7qCnr0_oEAW8IEUuNftajqpJKGBt1oE,Axal,207,185,47,PyBWUMlWGV7B1NMRx73sYCv_vFgXXGLc6x7D_WHQUFkiZA
30,1deQnpVKpGd6KkPZzJ1JGg-_4B62TBsKgc7Z3-8N_SJtFMI,Shuang,109,90,130,8wzb_PrXL8bd1yu9IZwXisQh5VFFMwW2VVMSagNau7-wi95B-wMl6Z-u
31,1nv4xdbJf5bcGIjODKsE0fh5RfCWXFWI-41aAsIJtknQdvs,ABelievin,135,113,36,ADL8PJOvmmMnvWbj53xsMsjuEef5Dje49cgWtNM4PWKXgsM
32,1rd4ee2YNscSuw3Z00dOhG1S_FEE9dlEucmgcCyeyugRHZc,Pentius,135,116,105,OHqnFU70BxNlgmBwEKv7qwIM4rPwg4JHjVNA4SmnMwbSbhk
33,1uc1STzAVWVFPBPC2tAVGdIaVEu2lX3N8Ir_bHkjT0OiPKs,YIWU USB,66,48,108,d48OXfDr1kyLpwM2BRBkT1PRFbnxTgVMa-b-rtHaDYfDRH0
34,1xeCvCRsqSnAnzYnEELU6K8AaVES4Sz0un-hr6N697jPJ2Y,enoLAtfeL,170,161,55,D56rBbSaDEUhnuF4lHo_SosLIHjv6VuBSoeCAomLRgAzGPo
35,2FzRLFPFOEz6acuMb2hGDfMUEG6-9CJInCAxRsNC105nJvk,The XiuXiu,120,87,118,MOrCui8CgndvHKX2T3_4Lq-pf2xV6LAKNEstPJ2F6vT_DmI
36,2KLW9RhngN8p0dgsH0vDTjSpX_WSMBPMROJkHJO1eCMkQRM,Rïvéń,112,66,6,W3JUJXlTuYH3Fk_lQGeLY5MePmHkBrytMq248VDTpqgt-CQ
37,2ip--i14BNliWZ_M22iuF4MDhxY4e0X6buSa88M2E0TZJLo,Phóoka,92,60,80,irYEDCGiKU4MEw1htbWlvfgPOPERnHhr5MwbZFcSaXhGDw
38,2mdIhCLDUMRFVOxm5XjCyVQ6S17uNrus3w-XYW0f5dBoGAw,çkg,70,52,129,6e2-8-C94tDx9B_vejs3O6WVYOB_H_GVZZd6LOZZH7E9rA
39,33puEDSc5umVMpyrFwkaKZmKI0YjbV7yJmIykTvsqP24-Mg,nisiwohuo1,149,128,15,hTzotmDrLQ62aaved95GWaWcS1zO4oxHHIZD_N83HBcDyzo
40,39Ma8tc7bYUO9dKssi2rOg_em91HYyEyduMQmzHLMwDglcQ,LL Stylish,136,108,147,COE_EFUWHOxe5rx47UjhSjC6KsQXDKMu6eV5gKjBnpDPn04
41,3CjUrE8JTqopCUYiWcpGC4dIDmw5yPZlUykucs3HKs1UDL4,hi im lolita,52,31,60,UVD4wcAUQj5scTq_OBL7P7kAnHJLiAebJw4luXhsu1T52g
42,3EcxmQtx0QfFetYtQ2wnH9-wxSHHRJ1FzKYgfVc16LAfg68,MetaSolaray,165,149,116,C5TPx3hElG4GIfOv-3zKp5eQxupc8dfUil40aYx6OGREHw
43,3Hnd7vp4sd0W9df2OCrlAce_Ov3l07BG5FPAR2wwDJUJvBQ,curz,187,150,110,X4KMHm9ux9GOAbaoYc_eMbT7jCGVNnPrcZxs9ajYW1qZ_so
44,3UOUJ18QbG4YmzajsOXocDfgvGCG0uTbGDU6g6ZySd5rnF8,Slash Dog ,161,147,49,V360R1o7dFUlbDq126CLMraIgcfsB2S-bIRkZCpQ0wjtGg
45,3WAj_T85RhTN9GYqKZHuwomQ2RI1DRa5-nxHj3Kf2EfMFuo,shoogi,189,171,100,xkGH1E_JLQS2day-VBwBfMFIBS0v_eRSo9MzuOTWd2U28w
46,3dbSGTmzCkgiw8kqB7BYQSWgbA8cKK-iAGI4k9aoIjf0BN8,esoary9,123,115,112,wpZAKYz2hJRGJsTMnlR3MOFaF4fFms2HPhvSYR3ibD3Xzjk
47,3e13umLk9INAP_QD8IdcXWOSW9Qh-_nKci0QC2y4dW0BAxY, Lwj,72,57,52,pI1v_PwW4dT_nz_rCfXeCXfFVNHBdXgk3sZDLdp4g4DjtsQ
48,3eyCSrXJzyaV51kMd78YjlYx_eegEdKQO5xGFKntTePmT9o,bigfatlp,296,290,54,z4qpVk6lGXk6NXiy-iePmb50G5fV4AQkdayYtonwJQ
49,3fEzsa8bxcxAjoz5fo-KpDXMnPMjR4r0At-Tt_G2c7QtTOXF,Kyyyyy,55,26,35,EDPAPh-8lKuAHgzxeck8Mn5FWXDg781qYd8z7oowSJKot1g
50,3gMA7r0Dk_qkOCDqeWQC6ae6JqXwrZY-q9x6QYX_dUUlF_0,Unpureruination,64,52,37,5CkpPccTgWwR48QLbql406-sXdiB4opP13xGqR-94mQwxVU
51,3nZW-WoP1DbCPKTgaO7k7X107ZkMvk156qT8McvoB2lG5nU,NMSL GGWP NICE,393,347,15,2Cdhgypg9wABy0KTaeA_NrIrljV7XB70sZugk3feoqyciUU
52,3oGQGITKt1QMmddV28i5uz_MdyQ2L4JR8PCD5l23kgrjrGk,Free WiFi,84,70,16,Yw6PFW6oqN07n2CJuTN1rRAbM_wi8R6xpQEosjoluqR-fg
53,3y9q_LPveqA2MKYzOF6wu3IE1vpLwAnlgW_pswU5fOuIVGx_,AbsoIve,111,94,86,kw_9Ld_YXLUjmAWgZ5fWRKMkhd5HpbbTmYFUjLVtNlGRqA
54,3yuSwNUhO1LCPnwl9OHqhJ1K6LGUz2d6ub_u8mxXDJfF7QU,Magi1234,103,83,79,x1xSB0tdcYMEAGRS9LbrcNlacOwmvZDigcSEFX5Wv2_SGw
55,4704ESnVdAiSlsfBcrk4FMrFw6Gwpkts3u0HuZcrs8_jZfU,CQ HELPER,154,132,69,COvYA3q-SLDBeRuLBa-t8nB883CDM0JZE1QmJeeUbCSiUNs
56,4GvJh7FZ9rrrPIQc3D6GUBu6zIaYPaNpHPFMVyMvph6G3C0,Chanseul,107,88,20,WWYFHlahIiy0q5-S5EhZum1CNBrOe7t6KRKthHONEP25nbk
57,4Pxc8qFmfu5KnEmqcaTAUvIm9K4UOqhJMWhNXv6vsnqdhRE,hi lm lolita,183,166,56,DSc7zhTQ2JgW4kDVXWTDmpcQAO_AbXUNdCfsF3qW3BzE2Fk
58,4RX56n538zQ53IhYxyDZnT6fKtlLsqXaqq9U0HMvv_IUAdg,DirtyMobs,187,161,154,kee-0UrHsk1jrZL22FTlFuote2yTDT3eEjqNc9HkeD6Fow
59,4WZL3Yjh30FoXLZrju4JY9oRubg6mgmM2THmxGeW43GtiR4,Rainy,175,159,30,-cmBOuVd4vncTfmOMEaGuwMkSmOk7DPg82Tgw-8ofEOvPzk
60,4_TfzLnRW5NyEt4nVlLoHcKkqaGT_a8CL6XrEtsJnNeIS7Q,Alfabet,138,117,57,HsMIKxtG3LXU3N1SUvPMO51QWa_Z4zZpY1XlLObHXKsvqg
61,4g05DVgLoKssQWRyvkm-Ss_oC3U2BcKpum-qB4NHs7IRRNg,Lupo,46,36,16,oEOu7YmFWl-2WMHZty3JKCHdgf8fAMwYSzf4tR0FqRHtRg
62,4g4-dR_tStpHnzQodVaJYj-PJK3fqdP0yvwIbx2aXHkNx_o,6XDDDDDD9,45,30,97,cEonOfsLzo8ZmLayWCeAJuA1M2p-iQvkP2L4-89CkNBecN-Sx2M4SQOf
63,4ieWksp-pfPlUUa6xnFNmx_XjMsLe6PrH-3srcQvkRBdr_o,ˆTwice Sanaˆ,55,38,64,SiQTeDn3n7h7Hxt5hWrV5XjPWTVhIGFCNjopQNT6BAFoZxI
64,4j8ry354ocAH9ngkl3o_nUN_r66HvC4TFkaRToe-kNtjL0M,Sçorpio,85,63,109,_1g9_omryP7TXvymlbAcZoJLgrMLNeDPR785DWTUwQQvMKc
65,4kKPOk_MaETbFu9zYJAYjGd2qrHzOmF4ZYIS1wJvMJ2EDW0,Adc Abuser,140,122,79,-JkBSRo0req5btY7N_hMT9mB7z2gqxFm8z_AuGgiUs5MJSgpt3r4WD4b
66,51GTFJWCp9P3jfZLWxZfgR1EwN8wqHqGFEmQRpJeDmhCxws,TC porsche,71,64,15,Aj9eKQO_pIe_f4B4W5KwJhuG-oxB7c7cxGiVDoAO8BscusY
67,55obKnEY4uoXS72vJd5MY61v6oBzNz_bQjb2_JW1idUHvmY,HOT RUFFLES ,159,149,15,9pIE-PnT3TDIk1ovIDpKk3s2pxd64XOIjg1lX3lfxoKD9Q
68,5UnYSMQMsIDBjh6lRLNQUwxKqCET5sFXMfiJEX19Aw-6ksI,XChanX,51,39,18,HUTvuicC7qYDjVLiwUb2u_qWsTEeV0TT6m5hkfhRhqBntGU
69,5ZlzVGJw3aPIwdqp_WMcJINuEFcUo7481FZk_ybd-D1MdXg,Flamboozle,58,41,25,aVHQKCDT65cjvCiAZ63XXvdfuZfCANOgX3cxncQQiz25Cw
70,5dIr0G5sijXFZ2ULyKtvBEB959EjHh8AAPmqeTjLt601c8A,Im Nebs,120,99,16,EdnmTqSEdMFmx1BrwUuz__i4HVq3bF0SHwcqze3OMBR_qmM
71,5dPmFqfRzCBxEPDf3-m5H41gNNIkA15uRVzXZuSB6JRgM0k,mhm yupp,186,167,33,aNgPCTn_FLXUfgFNnXNKv1eh40XSbhCrjwDnK2vyHwm-fmw
72,5doMk45EKSoDPlOATkcrCm-xQAWk73DGUrTkV9oMnCg7Z70,Exclusive Thot,91,69,88,ke278Fiq9D6IKZ6GkEObr29k5FI_opfxOdQbDy58KUhbIA
73,5eqJhoevFGdtlsYgGDxBpDM8NqoYKKhPnZCWZcxfSZ8e1KY,Vakin,90,67,67,c78JluoScRzi8wQt_zm8JZ72v8FvFbpfoVYH_LzYxUsv4UA
74,5f4chRb4U3OnripHWdUC30ZgASIDLKyPSVYaNsBfcbNjb6Y,Kind Jungle,117,67,36,WehI7DB-MuoE7x4o4eAU-YDfX3sm3Y-aCLPh2ekVh4ntu38
75,5hlh2TnrYLYOxf3QmTdAoGZwol0wd7bgxgQ3kINqRNGbsXM,Dead420,99,87,23,Cg5SVSLul2TT7T4wZzx2ud4S-iamCx4ljnHKjA7uImz9JMI
76,5kMO9vmPZl_13SjAppNCBlBKJTOBKoKnWgqO6wAWMBRPSxY,Abou444,107,85,61,eXAI2B8oAJgQ85LKNYT2x94p8FQp2Uc5QAyeugMFUk8q9w
77,5p1JxMFMhXlJk5FJRd5H9TmDmEB6v2yA8N4i9fmctx9jSo4,AGayAccountant,77,60,71,NRlStVxByWdCqQqDsKowLk0KjRt5NWLPJmpd-z-y95u-Vg
78,5paMn4tT-w3hLwxCgAM-_ZminS_XlauYypj_ZVIS57rZWpw,Karinerino1,114,75,82,5rnnyxRPi9uv6b0nZ6FrTv8tIeVc49YbfvNBjTXBSR0LIMpLkVWGe65T
79,5wEdV82QHWL_kM5xEbLf8-Klm00QSwvidy39AyMHYRcbYT0,Pfohobear,112,80,127,4RAHcDAwrs-g1PfIqUgB8u68-9jeVG0tUCscvrHpYiVIug
80,5xfFaMFR4wTdaMrQ_7p9ADRxeEX_zLcVvYqL8wcfbr-PYpxh,ZHX,75,49,26,Z3olZ_Zv-b4hK38-xm-cPdYaiyOv2-WHUQzgP5Rdxg
81,62LBQso9k7SCUGgXx0XTCW3YJ4Fj-5raLrBTy-eLSKrn_Vs,Voyboy,83,73,88,gChwB7yyeEuRSdKb7RT6YgKAaRpvQlhyXL1bDPmaz8VNmg
82,65SMeGUKuFVFKA2E_ee6mrcWfoIpp1vb2jGAVwP9I4lVjHY,ìîÔïí,111,107,30,-Q-xy9UZNSjikBowGlKIEkzuxRe7Zf3QO9Ui5rEzf_vQAoZiO2Y36GqL
83,6AtWNFD92fQ_ze6dd8IJBM-8CKF2MmkrdyacJ5CvPu7soQA,GANBGIB,87,48,72,K2nue207_ftBdAdEd8eP1RVzbQmNYFYYZ1WteVqTfmaELg
84,6O_nlAqo2NavF1XYWfjOUs0c-4xnZkbgFCz70t1whuxHLRs,lÖöÖl,90,63,123,vxEd_1zzsW8pOfSe7Nag1LrhUBbfzyhD9es2bscy4AbZiXo
85,6QJ6pYtp-Un27V_NDcbEi8CNfNsXf41OYbJmQveaZUl_P-E,LiDaYe X,130,109,59,ldf2MEC6H9EifE_B-Wlkbh4OAQ5eInYZy-VEbwIm-AbVwAM
86,6Z1tFHxX_MAAPaGPceYe7F6w1MMDhgV6n0beBK3oS3gG,Tippey,75,51,48,s-mojyK6Qlc4bb1cgsGyiCcgRkBn8G7L3jak9s8VtJkSg4A
87,6emW3XCG_StFLkjEV2T98OYKMYAxdz8gXJT1IoREAc5iQQg,Codý,124,105,39,-Mc_xhKaqPJKUaJrfqa9bjtRqKmqlgJdK9s1BhPwVHIOt1U
88,6n6C_yjVfzpCsIhtXo2sk6_ID5P2AxsihDIa97qYLG0wV0k,inchesevan,102,89,15,oXeLlwz8sXMtPgwP_GKds_6fHvgSOE_4LOoQaiVMSYvBsCQ
89,6ofJseSQqDBCVqGPcNjNlhbOvzOL3IoZ2c_fDrZtUVFtgeo,krp,40,30,14,JeJqDNZ0Pb1aQRcwYNAzHYA8hBhQUL9L1Yv1qTLNnu85DQ
90,6rphGFechkmE3AaPK54brz3yrwSImoDW6aUbA7bPv0EzUH0,The Great Shafiq,234,225,124,9-vVbG0xolMTujxOT3I8Rr_fMrYQ5maYvyznKiua1FvMxvo
91,6zMGB_BcrV-A2T1lNUd0DxtrqEbMOpYklCLr57unyh7DjXQ,Not2Clean,256,242,89,TWa7uqoBuWSs57wMMLG7YBY8tRiLf5kA6rwLh8sBVGJbJGU
92,76Kp0FUy0oMoZbIQlJM4S4P_eZfaukScoeu-lX5ZeQE2h6I,Gangplank Main,231,216,95,O_PPtNI3tbEG6iC2Jj9zMCPxk2Gda3wihN-0waupTv5AwA
93,7CqS1gZSTOQWUd9SbgynbmrpnIy7BArdyXwnhL6_cZ-rbUg,Sprusse,29,24,20,5D7FcnQzkk0LUGXVH_eNlOyChWcNbV-n6XhEdoSN-4YzOg
94,7IFe9Hz2mWe2mSd5OeGsrwWqwY3sjpJetWolPVX-y9WTBfs,SmebSsumdayMarin,68,78,44,Zi0was_fIgbsTH-Fegqym5QuYLd13N5U1YeYwtjMFHWnR24
95,7ImuuYFcp6_Dkc5r25igYtfQzZxJ4Npbfei8tuUnnO_GWbM,Kyuki,175,162,65,lmuc9FMuB3Krr78URwxPv4wFvTse_kIfu6UUMFAVBRGT4g
96,7Rq4Sk5Hx7MQCrqxOCxHG3yPXXBnFueW22YSGOVKA-gNu1E,Touma,115,60,21,Ba8HaK9C3Ouv1v-qBPDp-uFDzcwXC8cgKzKItimcDpVTew0
97,7n_Uj0WAgFkl2Zo4DnJePFPI6NxdA18AtgEmCWAmCgaMLyI,Sunset,169,151,99,82wwvL1TnmUEwSkt2aTBdYio2Jggjw3RHdQMltQuOg
98,7qYqtj9F7h4bMtjzhxgaL45GRS6AzuMdy-Z3P3CYoo4X95I,overdrink77,181,156,48,2t4mDrm1l58yL_MhCKKvDj5OQILGQfk9QVJdtIAQ31TwVKw
99,7qmw83zA4ba493UzzyWi1eJKiLUFNFcUBDh7c8xdigULNjo,IncelEgirlKiller,116,80,123,w9xLAB3cz2vFAhcLNC0qaZ9UDPskfnj4YPo4IKbdtKB5qQ
100,7yq4g180uRJ0oIJ_zgIGUHMCD9IJxIA_XzP2ZQ6xSItMIV4,Bobjenkins,95,73,50,r2fICgMSNr0jEsGwV1m2Mjx_kydM7zpCxZ8X_fddD56s3A0
101,8BmkjtI9aRsZGDJj6N1_10ylULPvOuJPyPdhl7kXpf7jG-U,Lycho,165,151,94,4UrvhC5AH2qapnfHVVDnvgrl8iJvtNZJqAwsZjz74jT7MSM
102,8EYpyNmFDz_5yfwD7doLso3ZSTnGc_TIXmbXiXAMXUNyrEg,Blower,34,20,27,qGW3uG7GXXp32sMpa-PLKieJlfEXkW0muv6FFKNjg9YTBzI
103,8NaIcFhvW1ReX91GrMnBOLWWXhnWwYwmYkmxsQ2mswX2r7I,haru dad,127,83,56,bGBzC4ve9KFKulACYWph0YYwho8QeXtTepfNMW91URDdKqQ
104,8VJYMIULq2aO_pYXOa195Qj6egnO1Kzm1ITGEUuakX-B56I,Appassionato,161,132,52,OOJXQSDtUTAHMwpgilS-9NREfOPTIqLzkgeImQwTjALPiK8
105,8dIYlXUVPeoKnux54xE3A3UX0F4oa7Wf3p9uTVn3GYjwVYE,Colazzz,198,168,38,l8upoC7nevYXsIRXuxgRCzEdS6oQAQ5Ih15xs7_kQ2r3Q9s
106,8jNqlHpPTlkbJKtUuz9CdvubJ-1D4JnP2vK8ctvWQNr84jA,Smurfaroni Pizza,112,87,0,QHKQJK3TtZG5rehYBprcZ2mtJ6scU2jLbvb6ltpLIk4WLQ
107,8lCyEvisUt617Mrj9ePI8N0pyem5MIAE-7TwEIeN6Vnm9go,IPT KennedyXiong,241,214,83,DrzH_OD-DUfNc8sAaihHsG46ecFI41v9ghF9FCWDu2zkKg
108,8rsikPnGvyvaq-OQIECfxTUCUGGN20dQyyGzU7w4QBajAx0,Sprinter,58,48,16,VN-zB8Z35Mw3U2BbSZLWoliVlUr0Xu9pG8QxpJBAfvi9rA
109,8uoFsMLXJl-oZM9Wo6ANnLb4EsF_P5ZIi3-Wn_D5zm-e_t0,IAmDecember,164,151,53,igApqWhRlCyyTJaVTDPbjf286C28jYlus5T8Zn6mXIduqpo
110,8y_3FtisGqaNgn20wXFW2_la12JLj0r0aFIbd-vIGIXj_VQ,parnellyx,275,246,131,r2dUfNNWiGIOLWAiGAVfNsOlJhm2JmOlEZSCDLnMH1JP2w
111,92E-KxT0MDBfLjCRRxiQiS1QrpGD9bnNpMrPSbDbNQWYYls,Liquid Matt,98,75,118,HhwAABy4hgik_7w6KI1pBOOKg5ZT6ugGqRgShF8mBQzZIoA
112,93ZAqqrwActy6Tl3c1GMLLPhVoR_c9w4stiH1X9egOik6vs,The Harem King,209,197,18,yBHy0As6PXbznxZGIwZgQiXE5NUobPwtqqc8dAclPutxZhc
113,9Gsctks4MQkWUeQJF--ft1Eu1TljuDr2JaT0OfjWYPCKhNA,S9 S1y1 w9y,151,124,116,XFKQdpo3l12Pt3Zhuq_cnIT4W9ErP-zE3HA9MfwIyhZsP27IJoKOKZ49
114,9ILMDO45ylWaBSKJRqRxz58L8PqvUrpAJE78GelmQFpF1-w,Ornn Support,388,366,50,FreUmzMdC1yyps7p-XYQy5l2FcRlDW4aOBqqZU6i-2_7-lE
115,9KNiP7qibY6A0NGpXdZqyHsr8fGPl-wAqMlZ0qhBy09KaPQ,TheRíckestRíck,244,235,3,DPl0vgitZPqPIDniWncWLl1qUeGoFlQrt2LxkEnGp90wSg
116,9QhaFiIyqNJ0Lo0w7iubOyjT_owknv6SGFedPJPLmRBTNTM,sbsbsbsb,97,78,143,QxbnSE7r8Cnm_9PWISMnqPLzq73pxT1i2K7195YDJaeclj4
117,9SgYsnesm20s81WaBK342VVyG-67iNdbicxansbMpQOlTgrU,WhyzEStealZ,55,41,7,CXZWdYNsg5ISJ1q8sfIcY1G7WiBuC_CIDL_kyApkZgOMg2o
118,9qVeBj-fg8WG1TPVJrG5NlZk6t60bu5GzxiNskVgwhBU2RI,Solarbacca,254,243,90,-gIGfet9Upko6TVKg6cxmc8k8QIu3G6rgV62f5eCpXuM-pM
119,9qcg5-hqdjhR7CU0gmTM3vcrqx_Fm6YZTZU1ZnDALA,Big Daddy NutNut,100,74,106,HCAEcY2tij9BXU-1PlgM-4kzN7diyEFaRUzgmxHmpMxZRk0
120,9sYqQkzTMP_5dD19-a8IXqE7h0c3uv7Un7gCSd4oNyYfiIg,FrostForest,72,53,77,LtNdY4LSVWomxNRd7ITwTzbscCnwT522H1UHbt8Tjcp8qbQ
121,ABEubaCMfjcLHchje2CeZAkqXuhne5ookVl0fADITkvKzw8,gl Ddabong Dochi,120,104,36,jV6sHKf3XyTdZ4jH7tL0DCflotlURi2VNVpET_h9PzBvt1U
122,AGTW9KpcWv8hTQCTD7RCBHLJFIMov3lhcjpo3_xnN646PDo,tibs2,112,86,71,xTphBdvKlhag9LFT-FVcPNPKvpad3tw-dtZxWSjs52j-BvM
123,AH8npicVaAFKZfq_cynLHVdo0XYKPTTufeFbWYvw8AyQK2U,MattyMooo,134,123,64,uj5g2JKig4YsNo0QtukblenRFPyA2g6JnjZ8l9jk9jlh5F0
124,AL4139CeRUAe0GdH22gUInBtlWbxpZuzlJFw2y5nXRM3WgI,MikeYeung,90,69,78,yaLwsYtP-3tvc-7nGj-CNjJwjpnUdFlfYR015tDgpzuZzgw
125,AOR2sqQZvxr2INwW5yA165licskegfmCXAeXGGsptHYSCk8,PrincesFilianore,151,84,26,C9xJzvegGCi_dPUy2c7tkLDzGL9PrD0OPgZHjdZ2RwpwOECG04ISfyBO
126,AWjrkWMqgC_eoiXz537LYeife-QogrIt1mOfw7da9PmtfkY,Ina,51,27,92,CsAMO5kr8PXGiv_3AUW7nUWzkmK25tCFFoGBskRCfzIxyw
127,AdeXBapuJ85N-l4c2K_q3whicfK8SW8cd6PmUM_DvAh6evQ,Dr Dontblink,54,41,30,icQBD7l_yfG35896fKZcbBNykJMyi4j2Z0IsxJvv6K9QmYk
128,AeCA6JYpgLQrboEtg0JAL9QF761Sblwq2akB_0tfS0ghbyI,Maypire,78,57,93,CUOINYsX730jv9Q_62qp02NWlKhiFv9dhabaBviioIYgOQ
129,Aez2SrjKa0-PTUB5pn-GZF-sQ5_u7sYwoBJYukJJb40YB00,Taìga,32,32,0,lBsaSAbqfhytnT3eOiw_GP3I_twxrJX4BRYmyclFLMlTtOQ
130,Ahjk5ESqP2_DTV3hbM-xFI2fmFcpUwaEzYYsNL-V-aHuN9g,Darshan,131,118,146,DTgCZZH2sTBs-6_Eg6oRhUn9cOiu7wsUWdHyrcTkFrbOBg
131,AyOVyVhrrryP9S1akQoOv0tdAPXyVu_YOac7rpEmlC6MzCE,Ichiraku lover,58,32,99,xuocBQ7Z8B-i9e-aB_PHnlyLjXYCrWk49_Qt8Go9UweHkA
132,B9UGX22brz6DWUK9m9D9wd3Zw_jHuW8BIf7KiFYJGMQbmus,AnthonyWaker,138,92,58,8mx5wPvcXxs0E83-EzEJ2anNZB30Lw0dIhGDzxLot_9HFw
133,B9yjhFta8cEjb-w9txgE7Fz1GavnA8NYv5YipsLUADXaEGE,Aerodactyl,184,171,18,fl8orndr-AT0XdwsZbmmJXizHqHgbIFdpaiFqEFyrw8
134,BA-dvp1mKjcD7yUtPL9TdK6nQHqZICsiduyfMxfLqBqK0Pg,Rourke,168,143,86,o7Xp7sIbXWlX8y0VvHfwo-Wyogfs5DVRRf8KpQ2paQxm8bA
135,BKzOI13xqQcqJ0LHOVoeybDmzb8LsbcemWLEDqQIv15EmEU,AvadaKedavra BAM,121,101,90,jqFAVfrdSZVSkpj3b6sRsYw5smyguEqa14WbPCxUgJM5sw
136,BWhkyrhMJvpXQe3VRKzM7UpeEiLw7S8WE5kJ0sVl15eJie2J,YourDesire,136,79,30,g1-2gMnCb5hesv94TlNdBYouZXr02Byp-qOpFVSrK-ojUXcvuv8ADOM5
137,BzHasqgj_nv3ayEcgOMj-LJxUIvNxtJy-3Sj8OZR0qoUY-M,Bassel,125,113,33,KKBhpM9_V13O8fLQtA-7FxM9IpebjkqTTtDou1Jk9HYdsiE
138,C2qVoM9mEv1UYo1q_eZkFhoWzuKqVTlxubGKjecvfZdK9Hg,Skill8,52,37,44,u_oylC1tqC_Dxyx0JCb4LwP-sBS938ZfFFE7D4P-U2SbMvL8yYNg-3mn
139,C68TV9lbiKKkOj1GhJ5nA99p1q9srEzRYF4xyrM2tDffWbE,Full Iron Jayce,114,87,34,TS_K-cD1kv87XXf1OvhtJEnW28nQSpQRnq5iARuuzGrxsKA
140,C7QnUPj2PT4DPxVsLD7oYJdtbhZ_newUhRe_KuDX6opw2zE,CQ Byeol,140,125,61,cuyTdYDSjV7bpwhRI0uT-Q5qhHQIgN18hxFluMUVAXgRVIc
141,CHh5yK3vc0s4Z-3u9a7h_EhFapFqFU7YkBAo05zvCqz8_Ac,Frostynomad,200,188,148,lm0N_Y0JWKnCFw6bWRmEY8s5bqW8YOp0lQhrP-9o0EcvqQ
142,CKIxGoDZoH2XtziqhxE2UhL6cwHorJSCnoAewlG4ffA8DWY,MatKucé,154,137,14,yYRe5uUgAFL_CQErL3gxUP94_xlf5E8bUOZPoEykwy-r_No
143,CMghDIR_ts-cTuBvmY_tWLRg3y11ysdU671WxFr3dFRISpk,Twtv Feedaboi,109,79,123,4qla8gt2aw8DbJdr6V-0ciMrU8wsN-ixFzBKiWQDUUlskw
144,CR-dIydGnSeJ0VLjUxbu6guKeQ687Eze1NEOzvaQvJRFlfU,Pocket Rhinooooo,81,70,57,Nvg62hEiIYJudJKtfSXkPcoujGhCuif0RIM2bXce4obphN8
145,CROU6lGGtVt5nW8YUpc6KfjlD-hlikyEtVJRk0lBPG_jJW8,Real Danijrm,39,31,15,QuNUw9OtNqYahaMLlZZ0z10BJZlXgwI1hbSgRYSeGXLSsw
146,CSQ9Au9X8yy9VNG92Nyc3eyycMnfjuHbqLFvyjdBex2sPAo,SimSim,233,213,50,eA8NZcyplCZNf1SRxrBKJBZ2gZMUEx0Tuj1F4mLY3CLaIg
147,CWBQHz4roL99p1exX-7zE2ZoB-x9I9kiXGOcClLpFoLvXUA,Fishlord,221,208,32,DEVpjyXAVpxP0Z1sozQfsJquOdjYrrK_R5WkxM6o-tblbOU
148,CYFyZHUKFCTHp3zIbTv99IqQUvVMP6FpekwgQ2_US2Qjlc0,Seton Hall,168,150,52,3fz7zTmNPfYaIkbCKc8XGfDPhKwlbmBoeJb2kbdsG_0hSYU
149,CYpNeW-BQD5L2X_D1NJ1S28yh0ZqiMJ6lbtXhzjILoTc0wE,AnDa,144,124,19,o-jACEERv4T_wuPyFQIRK7on8wjslN_EVNlTQ7DWI8w9-g
150,CcgGFTC0BUItX0OH6HX3-FCviSG-NGN6QvkW7Kx7MNEf,W0WFIXZ,179,159,148,f6TdIqhjQl0jUp7NDgAioaMnIf-OsH94ou_9dk6YzfmEMQ
151,Cd2zRdJ4vMT_jIIqfQus7sei_KOT_l8sgZMDrCV2KKR-D7U,Šaušage,112,86,0,bmptqhlHXzQhk3TELaK5ytF4IrhtcBIk1sJVpl4qKE0AZw
152,Cu_5eQnC-poB8N0r_ZCxMUVawrsyK1MBCE_zp4E8XvbDJRI,RAD KatEvolved,48,28,0,oFKzkm0qUGh_GzKiUKAId-ZvtEGW21iS6NYCwHAtLTY7F8_7tWczolcO
153,Cv8pUtpJj-n_zt8NN7nO3lhAWzmU5iLFH5Ndi__clJGOWlc,CLG Auto,155,149,59,pB5p6JONdXCmmpsxxyA-dR513LE4dWZrH5VgeqPK3exJ6g
154,DCVMsLEPWzE9PP__vu32SPruJ6eLZgCM1RE4FYQO4OuJewM,Avano,114,99,57,hLmy4FRCQPlUQ1H2mk8EYL8doD1NOuex043UgPfIm498lq0
155,DQf6LfQLE8rhZm1cFPrlT6hd427El1lJYuKJKN5kdx84DBc,captbearr,148,132,54,iVdvMthEEqIuj1Az3KdY8eaAbKCpggYK5CWfGLJgvl6Zhg
156,DTUdwQdNQDq73fpImMttdvBE6L3ceP47cl9nIi7wNxAlH6Y,TheMuckChuck,96,70,23,mn3G1zXD4re_qaPJ5f7PQ5oqyRMrEn9PT6iGb1HQd2jQRF0
157,DXACGvRX8okKBluvXt2UaBKBMQUoE0AjmpcJXkzI5hmUu_w,TSM Sarcasmbi,91,29,113,mTGE5HZ8azt76oQCzzVfQbJpy_WNhb1QvcVobX3kCL1WbIPOHWmvz84n
158,DXRZff-wpr-HtpPVdOfxuIGX-mZloBOgCCbBl95bq_jAI9A,TwTv Panther2,113,103,17,ypDLBrPAnIPkrKmXexAtq51fVXx8dO_1TJ4-jroH-5BxerY
159,DduDAkz3gfooLZ60XIaSkiPz_XqNNnP5DvqmArteKbbIopM,Meteos,145,134,95,ei-C6T-_bDdj2fiE4AVLcToEEeTBVCFTA4W9uy3nzQY
160,DeHEW2an2Ml77h4KXSaVzmM-YCO0tPBpVBOTH9UuyKp3baw,Budded,74,51,71,KukAH-COk1pqFNYp-K4BNS_OpApFEwobJheexQoV3TJugw
161,DgccMKj7-YAUyqIvdMjm-JHhXdZZ6WOOaeIXNVfnmcGqgN4,TSM Tempos,189,169,16,4v0WVD-9coCfWNPXWrmkL2CQ8iY226WSta0hPUd14Xw
162,DstaHpe4yIEhqkPrhKxJStmja5s4O6kXfJRso8vG6SbkCwY,Gilgalapagos,318,309,17,vmUxx14A1ffXsNiwqSc1WKivKRtzhA3uaPI06YCNBXKKHw
163,E98jwVALtEfoe2NTqj4EHLSOTTw2Km8KNBa8l5lP_nijIL4,Mıd Forever,103,87,75,G888B7ysWfoQ26Shp9bcQnjwRny8vVVHIUgvFln7EQ
164,ETjIxYycR85SYNR-nEcoLXnlU36ENcAfgCcQo1BaYeQBgck,NiZhíDe,58,48,14,RBQK4ebSKYm1TBnONwNdMpTKfKDcHxT-BecR__nmlhQQUb0
165,E_0b6OBeb9LcbmxY24BC2KFlmeKKoyo_oyydaj7fmGMQ6o0,Haanii,91,75,109,NcRWjgfGxWl18lBDtGOfLozqNpJTWwg5kv6Xm9abf42HEw
166,E_qzLc8RJ1U2ISIgL8BCCx3LggyKEX6FWqDTLjBRjK7X8D8,i SeNNy u,129,107,32,GKio-xgXt_zwSOYuTcGO6kLV67G14Wg2hit1n_CqhNUhk-AcEO5TgNzu
167,EjWXQSDcAMmQco-xGGMbsOF9uJjbOPILzDtXwdOCxOh6EqA,Cris,122,109,52,-ZlDx3cYlmVq9ryp7RgsOfOZpCDPVKOmDhF9d31yh9bVuQ
168,Etj2L-UgPSs8Daac_fw6UbGJ1fo3WIa0NV5rcKMKvhvqeBc,Mistrust,50,39,75,YHh7WDNzRljYcKEnG4AoH2aWUfEETQ4U7SW9JsWqP-mvQAc
169,ExFFi_um66Lu1OeB60tCkPMOpbUill4JzvRvAY6Fd2d20RY,no talking pls,128,111,16,35FuDlZpP94aYnSXCr4R7tenEsIBoco2ij2ySzuWHAZQrWI
170,F0SCElPSHOikIgvwg7rGzJEgKYLoy_4NPRnBjo_UsFNgaNo,Breezyyy,100,79,87,I16qxE6Kyu1a0nEqB1Dexo70SmS6_gYbX1El13Wg6Sc7-SA
171,FDI8KTakzQJX8ueg9vKhg0D0X43O1zrvf8k6_xBIv-LmVMI,dubaM,74,61,43,gevInuFGzc1Pbfx_M0Twd2ltYJfluKu1JgjrALZvJm2xEsc
172,FKdZAbQqpkBZBeXIh7DjCdoQAQJi_CnoxIrGsaWnaOb3Tno,Shrimpter,176,165,46,i42FyIqAXAk1jES52SQ9OBAV4cGo7ij6KylGG8sNMWH0Cg
173,FO34_5DeWCJhZp3pAEoaMLmmfsAVvbRcGidS_JwQ-gKCq7Y,Turc,73,62,42,Y824Z80L3ToxnwFqbqLYyWVbOhPuhKHHkLPTK4J2uTr47g
174,FOa96uz0em7fAZCuIGywag6nwr_GK6kicjSacyrrTaKdzdk,AK47 JacksDaddy,209,199,66,A2SfYpRHBa-y4h1Jd5lvSfxy9MIT5dDLGEt9yM-_DabCGMY
175,FS6Q9ym5fOCxStkB4w2yRWYn7VXpNjwjblLvrIHiNu75upU,Muscle Mechanics,126,108,40,jdZGciaXyI-2-79U6t5MNA2_uHK6A-Sbc3JQznit6lGtMmk
176,FaCzoQTTx1c34rTStaG_AmBmS774DxEtPXZjh1fe3-JUQ1k,Va1ue,70,54,16,uW1cQAIqgnHHrlOz-yiR9SZOS1BC54386vVP6zPNLtynUA
177,FbUsaqjhQJIhBnP-zFW65aSiX1onhkw2oFEER5RByGosrlA,Deal Late Normal,190,168,30,xpEPfMnHRpXhBAArB4bkxNvy4fNZkWMQSaCSBipTx3to4oM
178,Fj3i-a7YVfdgGWHLp6SM56wNBTQB_TWpiIcHJWmY_Pr3dh0,Forever ˉ Over,83,69,64,o1ENHcDH41oOB_TKGT_JVpeb_TfYVsPE6S1eKGpGLxuyEg
179,FkimDKizg2ZsYxG_dksYPYvS4k8B_TloQ3LEdl_ZaFcFcYk,typtoe,113,67,152,1nM320rzCXbvlHDGCwl6OkK4t_zuzViIzSC0tXb919l2TA
180,FvBZkVsHdq_MnPOzIpnH3W2N2eISOxtFtAEFHKUrU3hl6-c,AeroADC,316,305,0,apJmsKw2aFUD6P1WhpWNrKOU9NTJciVAQBpzsX3IoE_98vQ
181,Fz8KtkD_c-WEbZuhPzwbNTrbY6M61UfDOdPu9nYYx7XDTk4,UndefeatedOne,221,203,144,7lLRCTZyx_eBwsflVetX3F_qS0CB24okxzsx5oy6ibLN6Q
182,G-BPCk_AzMQ28BC5OrT0RAohwykTCxEeKjxTQK2nrJ9qYqY,lIlIIlIIIlIIIIll,111,88,54,6TFllMizqaiS85OufEdrz88b6j1CZkuH7fQz2tQd3KPhwg
183,G3kmWKBJ6wvKmaEY49tqmyjzP5DYlHd8wLJ8MT8X_kiiKsM,Lolly Fanboy,117,99,71,ATqcZyzZZZnvhcOyI9p8AM56Tb6tJWHBHcykghoiuR1RAow
184,G5xWqnX2zdj-UbSq-N5c5JIzrCWEr3I3RgxCL4wtlbKhDwY,SweatyToast,159,140,80,Dk673WMSvB7o61egvNuwduejyIpDAdCdEPuk_1SoJcJ621A
185,G78_4v_C_SuDBZ1uU0fm1fW1J9M1p7KXT6_noW-A5B32akEG,Treated,140,127,69,2cgoBF0bkdg2jS6dq7GD3IKrd7j7aOkVSbgNE1JZ16U2tTQ_NeTYH7xK
186,GAfjo7Hznps-CZfK0oEk4mILZ-L3UX7Heehdix-AGjD-o9jx,DeyCallMeAsian,159,137,94,LG4gtsLTk_RLA87JMaNMMBn8oVusrrJTumykeKmPHvKmKA
187,GXIh4fvPRUH7zwBx8abXtH39zxIKuFcQIunO2AiJe2JAaVI,twitch bobqinxd,93,73,37,UeyN8_RMpvMoZCLCBBQF2Oa1Qt4aelEWL5dHCBifChbyDA
188,GXUWqOQQBDLHJDYeEg0zJC3pK-_FFv90Nn1817u5Q4T0QxU,Yamikaze,62,58,19,HfrPWZAMyUlPUy0b5ad-wSWuU3glEk2T_ER0Z2Fw_8Fjfw
189,GexRynCHOWTwX9ySyaulHSP58BtEQZTbmnx886uY2m-SAN8,Ligma Penis,119,62,60,yPhymXEcFXnUeNbYzCAvwejYnnFl2zw-yU2kNR51kcQrx4P6LFd8ZY4Q
190,GfZB4PZQq7Zu7bqxgUZaoSdisk5mM_RLcuXDHcv0xEHcwn0,uvula,97,62,20,cWogiegFAZDrRxj8CizHd69SlGB1DLqruALxRWrlqY-Vll0
191,GhVjVUJAB_8oe35oNjrE69nYj8nE_P2AoyX7YKwjvgHOzUo,Two Health Bars,73,41,150,tGHZJLoVTUUj5f9WFmpls5Ulkwje_RVIjUo7u7M4CAbVaQ
192,GmYgtC1tCu2t90CK0s9UvKRz8dts6-l2rxLg4pD-Gf5VLCBQ,Mo2,79,59,42,OY0iaV7r3PoOe12uh2X-MihcgSuoH7wIN5xDSipkYvMKZ7s
193,GtPYTLkJXn1jKPgknjSdrOYsdqYBOzjT6I2y3msKs562TC8,Time Tick Tick,135,110,17,UrdkW1IkauUS-XUT_d3HTxqnkNjizYtXfGPzgKhYk8Q9OJQ
194,Gxqvg8VPbuSZIuQBHPsruLr1avJF7C4RuCVjIsFLrGw-gmKy,IIIIIIIIIIIIII,69,50,111,DYoVG5j839xryOqgoKmh3L7iLohWxEasi7ltAOz4m-xxqP4
195,Gz7-b5MSBIrDl5j1f6MYJfkf1scBMzFyZ9Xef8sVfbTT9lk,YouTube Zwag,89,66,30,ool1Upcqz6KtoYodN5MU_71ad6hrZkkNbgsyc7HFWZz8mGiuRfUyUNvd
196,H5py5Vx6eJdj-BI2k3Sm6X0P2F9m7drjbbsuv1w57OWEh8c,Sense2lol TwTV,144,129,24,K3SUO3oXYTB6oEOSZ48gwKzZHGl6MBwikher7Sx7xVqhT8A
197,H8l7L0vjUrIHCCRhEh2nC7KptAI3uLOJ5HenIU7iEIlYq0g,Cavelery,85,69,138,63D32YkA0YOJC7UOGcTuj65HfSckAhZdl02D6Gdzqgz5hg
198,HANqWbPr32pjhlV6_eWakNYVIhtvF5TB6Mx-NhZBYfwLXus,trust íssues,194,173,82,TiMnrIXEXAKyIJV25NYNClwSmO_-qGbZUXLNxT8190fGaA
199,HCo_GWYWxfTBeCNVyMUSV9ng3mln92ns8C8xrUpJWao-yr0,lIlIlIlIlIIll,74,48,78,Pg3axb39zHeL8tlJM6yugbRe82r_Q0ljhVZ6LxIphbuF4bE
200,HFiKlINF8eeS3I-zEMM_xXahEujcxLDk7ExuQZwr1DGtJZQ,Stáin,269,259,36,_a3wvhVA8E5l2o2lwAfXHxNxrlJohOtZ155Hus2ZxvsYPZw
201,HGXeFTq5IlRlV4ZWMrXwf7n7nNY2kIRhcvMdS0FI6CBkx9g,Doezzz,323,314,72,jbrJFP10BsJ0eTHMl0wG518T76Gd6tHZ-NNO6prkoJ-hWHFBEHZNL26I
202,HJ3JqMc8ia2ypZCVK3NrpvMQ9vIeDrxzU6iN4AD9sGhfAFk,TEAMLUKEE,260,245,28,o1BXLB7Osuxe5z7WQ9hkGTEs-JTWdjCLNW9aKRZUNtPanQ0
203,HJGoOPEnt4uY-9PlaEPQnrqIraAfGA2OfrEyPtUc5Axbp1Y,Dream is Dream,122,109,13,K3q35kJBwaOs7jv9UgPd9kDIhHq3-vDa8JFvd_uVKcsIwA
204,HS2bp92uV6_S4rahZB2ZwOQhVCuKgMH5_dy9Y6YBX6Y_wa8,Aneane,147,105,134,L35_iFWFd_K3ZRxv5R_afuyxxoR_OylZVFZ6Glw3vxjKnjM
205,HTcOd1BeBqrH9JubdO4OsbS3udyoxvlNO9OnNmaqVLOBWwE,TSM Fanatiik,91,75,47,Jlo6f1j__qZS1-faiBTsDqq8APHXHCXvo43D_duU4tSy00oMH5syuvl_
206,HaQV7xFhzSAiDPiruBq6g13Dpaw821yBrFeD72brC8RkbP4,Freeze,41,29,74,rKhXUIlN1kHpWZpGHs8HP11WnwCU65_tbigL8y9M22hFow
207,HdpnUHm7BbxVTQRjBaw-BCLxzpMrJVp8OqfOxMb5uK30vFo,ShinSoYul,82,55,43,ClZf-QusTIsP28uFU9GuI8GG0dHAJP8MhNscX4-Xtn5FlA
208,Hj0m06Pk8ZiqhJkTv6G838cJ2soLA8gJEwVpDuxYglqKVaI,Harambe,157,144,58,II6KH-XyCK3CLd3qLYVXaIUPM_xdQOc_xGeFa1DjEp6OCu0
209,HkxLkhAgtg7eMAIz3aRtDE4Jl8cTBGoLcI0ILWWbKGlsmfo,2002 03 26,145,122,15,X0D8VFPU45KYZ5c8dKWlcsXr8oS0RQqitsLryII0gMb-tMk
210,HnU9obeBPL8M8aji-upxpz7F9gIB9VOCGgT1BTLvo0HdmII,s7 mid lane,118,86,79,O3HBOhr2XvRJr8Z40kWNam48_jnMIfH4l5k1SWdcNevqq88
211,HnrH-K7PcUmuzyWfGrDIrDgPQ57fO6uby3Mtua-F9h8tgbs,Ragrhok,241,182,49,FZLz_3VlzUUZ5mSVchGOtmtcWcyj5B5XBAchFOD3AHsBXgFLPvb0CpMd
212,Hq4NIk8QBhE5NRgkZt6Q0NhVypg2Qe-KPWxLrqpO9_o0UlU,Scrivetown,139,122,58,3gFep2p5WY5KPyrTcAV4vi9LMOFY0_KjFDd-oZWWcVKEB7o
213,HvQ1E967JuFivMrcL44o6PS_2tM-IRrUM7Qnj1x-TDH5Dd0,CuIt,176,156,48,DKguE8d8B3q3BW6jLHJU39s6zThq3JPjrbA2qWYhYWJcwQ
214,HyvFrmaqGNy29qUbzDXYNU75xZCT2md9xNNSN162xz1ICJo,SHERNICE,35,14,103,9C950sC2Y4SZTOS08QrHzQB94OI1RdgQ_l2cQBsP5VlGpLQ
215,I2vuytTlsk3kFkRRsy3wq9C-aRpe85uomGK4BWXTF168wzE,Camp Out,51,29,107,IyeHPIWuQPuwgoz2C3yftM6sX-K3j6Dj3BuHYDYypWlKaxc
216,I5aDIrgO_LjD2NLqU8CTwHG010PlPaKI3ZfotfswpmN1sVk,Todamax,116,102,67,cxt7t3iK0ye26XulkOR5oxNULJkMNbnl7Z7AyU-j5eGc958
217,I8y5J7kdMoW-968EyvBr_b7bvuBvOa7l4bMt4yjLSp3b5BI,Heímerdiñger,149,126,106,UtnZ6wq1-EB87olAGhBEC8CjgMQk4uZyIzI-lr6NLkj6Ce0
218,IDcazYOIxhcHMcSo1IyVkJ7UOM_HZPzpBlhDb3dEB7y2lbo,5up,220,211,31,kt501daR10np6pNc7pFfrgz-YLbBZV1gsCk0XOnvxwwiAbI
219,IMsMyfXUbIKe4HFIDd-bsq90E6YyYsjaJ6SbHdPnkBThZ0c,Sepeku,220,202,67,vWM-pDZmpPRO8MbmGMK2a0jWpRUOe9c9FBqpKAhIlK3Lx7s
220,IV0Fn4v0qxWNjQSJeGJrk2S0X6N840y2hEdvn85GqJ0zQMw,Bubble Peach,70,49,17,0w9AvVVHgXbS4_x40ULFxqSyXDEKlJOxTx9A5IENMO_kZQ
221,IaTDrt8FBZpZwDyU3BGJjNMlvSFUKKziHjJS3PeP3xsuKHo,disposable,132,107,113,YazA052vVHynpyHNBypUh_NZ6y7fmJC0_Us-Y1rBHodn9w
222,IffBZjmqlZsbbdYO9chlHxbFzbAAUHTon81rr-FICtI651g,Rezzi,86,63,32,M2uu2frSzhUyhPuZhRdcidOq2PHEho7Rr0C9pRuPhFrcmRs
223,Iq6FRYC6egUanjnxKIHd-XUrUmBcwABkqioG2ZedBr-V0PQ,67 shochi,145,127,44,1qnL-PrhacuxA7vt1S74cHE6eBl9i1oxmyhEuxwI-L9rqg
224,Isc2kS0W30YhJSBPx2JUnWVOzBoU_Hiy9xYjAJzs6jPjRO8,V1per1,197,182,107,U1n_slFTRk65ZV61tgh_Y5e03ncFDUIYEhHdZv5rDlYFloU
225,J-_50U9lxgD2utwKbkOOxuTLqfeWRZokT1estvgSSw,Desølate,88,70,22,vFK8iINpJ9qxzJ3ZY8hNI8WmkAhQlNUbDPvya58wZSekMwU
226,J2GSAYH3puNDtDCRBZmbgZqpWYMV2y9V-1TtR04EkOkzSDY,DerpyBunzz,169,159,4,fk-E7kqN2UIqmhMoAJMwWGfz8cYRI2BIaqX0Q-kJlC7zFO0
227,JHwFyxL7zYTNYOdlbTqxHvIwA96KxjyMHgSJjVZej_E-0QZj,XcOuNtEr sTr1kE,164,155,14,rWQmkVDU9FvxO_TIPnyFi_RF5caQzDplzUWAha_FN263VA
228,JJmDmOSAciOagCn6uF-fKtI8VTBJ_-BOOfeEQ_s2wCLPzGw,HaruSnow,211,186,11,QaRDoKLp6EeSTTXc_8Ni3qBTzTJio3Ky53KfPsUCGZYv2LwJ92BZ96eJ
229,JKsqHdnYjVcalUM9yj1d1EGo47oIqWoe3ReNT2sMoRrZujQ,TheR1senDead,59,38,25,P_VQevspkGcxi-NPJdCV35JLh9Aq0z8dg1HCmV0jec6z5jc
230,JNPw4nxousEmUtP1eLZI-UM1xinkSWV7HybTGpVvCKhuma8,Larsimus,131,119,0,_wZc4iZBIzoNabVgDig-tnpAtetHzXlnCSGHfZoHF_wRN2E
231,JOUEE6G0Nq86x9dhwRHSFD9gHrcJ9RX3V0gjPfIG6v4k5Ac,CroatianD,92,69,97,e_wTC51vaFYqfqDbajMIoL9YCO4786JgoSHdOjeXaA4wAvE
232,JQmj722oll3Nwa3RVdx9PnqmqaDYKZuEdnO29T6w6ZJF8kA,Mi Goi,146,125,21,aJwHHlJNOSTs4yB7BeFL7Mam2C_8qATnKPxi9FXBzWNtpTI
233,JkOqQFRuzYjVeaIpiR1mZtORss5MjMS-Dbzm2KpYAEMUc5I,DreadXeon,207,184,182,5UWVvJBY2wM2vflTShcQfx7hEgLBOKvBOIM_yX6P5X9CTJ8
234,JxOGWudjgBEXbdTtzenWdfygGnV2sHAeQncGp5UJAIQtz68,C9 Diamond,56,34,146,OdgFiq-r5h0WpfEIBVuO0RFR0udqVM2hPWJcCKEXlUcCww
235,K34UQMbKuSF62msj_7PVPE-5uNabdyzXgb-OZDP--6ubb9M,miaolegeB,102,63,112,0n8khIAjwNR4xKyfLfcnZz4VQh320GD1iSalUn0Mg6Ck5iM
236,KLvtXyVoNg9YZAtWVC3hEd1JrVryf6Xezi-uwrgiswK8vOQ,we like fortnite,71,52,29,pboWS9Z8SJGxKO-EhzzlZ3MpEOWkbIL22kCezedSGe21eQ
237,KPV31l6wTaQvHtns4pl2n86SamwoyzOvT8gUL3V3oVPj57M,2Dimes,162,144,101,tGt0EWGeK_KciwsKmdzCgozwVcy5HMw-Yzo9gqIzuhwfVg
238,KPih_1N3tUdr5AeiHv8xMtAxGJ90--RqMT2UZAlvWS7DK9s,Kim Down,157,143,0,Zv87rEfciU-Auq5RZY3fboJIKfxqqmouDI-SSQbH1xHY6QQ
239,KRaJyLThNs8zXvwTRjIoseFri2O2S6KFfbaypBbU7JfvswU,Rainshovel,125,109,46,Emtj0ERMm8iePHxCNOZhx5llKVq6G65tdtHSQOLGN7dwqw
240,KSi0eNpzIL4mpiz7AITBmlp7XnFhf0_kAaPEGSGJLA2agKo,Dragoonsmash,148,135,64,Yt8MoXmakH-HtseNH6B7GbHjRLaL5DmpXTT6ZzrofAAUEk0
241,K_jDKqvqIvnKpkIR7lDGDyEVd7nejTL1shHbimHaXlWYE28,ımportant,61,49,33,OLA3bqU7xydTVm4Yah8EyGSFfiE_Zbbb9ESreUT_UXPqeEf35exBXjeU
242,KgnFs7nWaPyGvk2xkPv5eDz6KydpHAaEOldjHqw1qz6aEwM,Aetherial,76,50,77,okfSuV9SkZLNBiw7pHa94nCPtKKuK3VpggxcQ1T15iz-DQ
243,Kjw6MBunfUYKh_42Uy5OJB9jxIaZXz_zH15vgvhW2mqxOLU,I have to win,101,60,60,_vn_qtcue--fyBJvibbzQmdJKTR7jHI9plQiDS0Bm9TU7A
244,KmJYqiZ9R1MrKYWwxMl6k0zadf7vbxIEvMqEeOpsjbhuJkM,FREE MODX TWITCH,72,44,35,o4rXCOQzIQpPiCFQZNw-FsgtM7tFL3XVbSA1EV9gfAMyvHc
245,KnoxGmoh2U9rp5tgGDY4Ectc51REcgC4gpEVeU_AwZ-3MVk,Trinityyy,224,197,110,VNbGO2YKJ4VlmzFuXeIH60ZpTNfBPaUN0U01vyIvyBE2LA
246,Kq5CDznhJOS4_ZFlc0wEN_x2TFPE72f8y9vS2EJobeOuN5c,NoRscn,125,112,41,p880tFLnq9EXk-veNGcT5wGlBlpECyZ6zbRVRArgY7YYPQ
247,KsmQhvcSTGh6LkDiC-YRNhbs110SeMHg4XxUbEbjAmMQ8-s,ToLoToLo,152,129,54,F2-RIJW-55jLB-xRRQzZSonMdQWsPLZ5VVxiODCSNIkZQpk
248,Ktcgwd5hZCBWjLdK3hiZ5MMrUgqskikhgPq1trTfyio3NCU,Rime,114,99,23,eb4Pwgk-9uUKLTOR9acs99LPuWpgEAKOCRBeQPAfe88tENo
249,Ku-hIWbtq2ajWxmTMNv3YSs55v8Yh2BeYyWgexGNXO7nz_c,Str1fe,84,71,111,D9XNurW9QkFsWovJcOqqwaj58z770EAu6-rKgFf3I5Q6pQ
250,KyFM3k76yBTzgVjbFngtHwMWcpbnP2vaB5r_gPRr-alFfJw,HotSexyBoiii Rs,106,68,139,Yhm6I7dPifsxx9IM81OL1Bd6ZBqzm02PpDTXDwQn64QHdUA
251,L1GHRT8UY9c4HlSsReCHR3mLdBnd2HcP01aFL_jx_Lm1bg4,VALUE247,92,54,38,2clSnyyLGa34RaATfmG474BIDGVn14X7IJ0Kx6GJaWmxbAyyLVDp6WaL
252,L87zUk5fcX5LvPD7s19929mvpznpmPmx9IZmewtnhxGsfTU,ElFlacoo,134,113,63,NQciUdRGHz4tbRCCUDxW6-3gt7xvD2LNfZcEnz8P_cMUmJ4
253,L97lq2gwxkY0SbeJezb-0VBz5Pek0Pc_4Jg1KPyCBhBYOv8,Tempacy,170,122,22,z_bAnsv86LlidKojkyUwwS7vJNl7-84UsdBYfl88UxCRHIWv7jPUmQIa
254,LFvixQKvn5kepjeKwRbPLbB65-GyRBRInXBPXlGlQysxnfk,Tilted,84,62,42,_X72k3DECpQzWvM6Nkw3fBijX3nQdcJVfrsPQ3_A5kNtJg
255,LHtH_O9wsaZeMpHonVW08-i0VF57S178cU5-SIhXjTVIunw,100 Prismal,103,85,118,anDoDZ6ce1t29RTW65-5aszcYXaiknUkQWtHbaswK0etLA
256,LT-54lKA2y2p4AfDr1kZ2A9oLCz_hpZAIyiELRvyxt_hcEs,Amber Is Mine,89,64,111,iAQ42qz18i9iv-3Jtb7BIP9qmJUPhpupbbe2yJq_JzECWxM
257,LTtJUN-YS87ySr2KH9EQNYxV5A3O0TVdNkngBIfqComtEro,FA Hunter,214,179,117,R_QqIM9bw6T4PB9eHpU8KCHJa0Ea6TUz5VHMTdRtBsuBxg
258,LWGYbyYi8Swc4_uHmJ7phur2wu1bgd0ZHUje32hX-Ha5fAg,TTv Blitzcrank,161,137,155,QwO0aenJBXQydTnraDdE9aN_WYjL9Wyr8MNHW9mhMoUcGg
259,LdwLgIsXdBFLfczpQGPqwMLsmz6h1F6ZJUa9kFZ3BWNIWIM,sb pang,113,91,40,Zgi9IXh7q-UJUDVNL4lY8ru8H7DkEGZWVGObg8yvN8Tx6lo
260,LpDYs5UcgYmn8gSRgvACppS7xOxJACl8tSEdINvNun1R2a8,RivenSmurf1Trick,44,32,70,nRiRRUGk5qk0WDCLg4rv1l6_OsLPKbF7iNFHwevzHkVfoho
261,Lpna_xtcrtA-PH_lPw5ZgPvGLYJY9TwaF4DE6IV4XPn67uM,Broken5word,85,56,126,F7XfIBjK5hrEEvdU1prLbftK06qNoE0lKNxrnm4QGGLjIQ
262,Lr9oBfaFisDJuUWVkbqN5MqkDd6kqVISFeDUkOaU29Q8vMA,Chapanya,147,142,15,Q3WehzR8OUhjHu3q8lHe7_GLzEk1IeMh7jRtBKiJVFGXPA
263,LrMbEBcMcjZbvT3tFid4HTI1z49Xf25gu3ISj8T1GBd-5F4,MeNoHaxor,77,62,19,Y8qqXyXk5dqosXrNGVzVV0XTRHqQOfpIVrCYk9_KfQ
264,Lvt1YJ_padbAZccLSpb_PZOIC8xFEnUkxr8beEiidUBQ8h0,GochuHunter,169,157,63,0JvRqwmMOvBrWixFOCjNdriJE2SbgIQlOnPSLUte3aDShw
265,M-39jETysS1NvcxNokXKqpwk0uvL4U5JX6hbbFXV5BQJ6p8,Zixuan,165,145,32,VU_lgMU657iuXmGUyy64FM_C38qjKjeKsvRopePPIcQlg3g
266,M3dcVlY1C6-UPu9ak3i5B6lQ2hS0hIyBDNgU0NiU6-vIlKc,Big Díck Omero,239,225,42,7XkDZe-vzAriUSeEylG5G0SeqKi-6wFlBlfbFCreTZCzm5E
267,MFQ3Mjd8KnFtA5j2tV6MOI7hFSLHlPQljQd4PHPUQWEKTVg,cupcakes69,84,64,53,ymgnTx-e_b22_97hDNHnWoDJgq1ftvIOsolg8rdVyoESINY
268,MNyHlvF-n-JWwyYLDFdS8HRhyYA8lhtVFJ6Jwyt5dopD-9w,AcesAkimbo,137,121,46,k0mjm0rCLVGXsdvaNfklOIwn2sopQd9aDKGu7jIj-vl0uRM
269,Mb7zO50pRRD-wgLhaaFsSJ6-QwxS_q-lPvC6CrHWN_848ts,Fanatiik,97,92,30,VDbgZfB3T7FQWEHvLGxNdsPTsQ-cgsBQkJfkHZ0Var1SbWM
270,Mbe9tWr1zE8g7OfTRJjI9XZTzmxj1aDJpCLBCqqz2YC40vE,Chase Kip,241,218,94,o7PcY7lmi8OcGHL1L5MyIdZYtez-IXxBFE_Q5BlJAdk6qhI
271,MdK7FYSp4coFcg7jjs1GzMQj7B6_bOnxI9-N3a-_YwdZgb8,420xWeeabooxMLGX,88,69,60,Tl_bD-j9QCiIZLO2fUcwNlxiIEvgzPKnJ6RKFM6f5t4
272,MeRe1-t1Ot3JAqbOf4Mc8HJY3x0hEWe-aCVn8zwgghDcDwA,lovemyjanna,89,70,27,ZmL0hDYmkHUPGT-ASdyCwa1-q0KzHvFKpI4jTi10ELBmTg
273,Mf2OKZ2xdaQ95yCGj5RbkEphfhHi9zKF-3kBoIDUn2jonH4,Forest Within1,187,172,116,fDXHt6gu1TfGwEGTKmQswz49WxmgjtVmthIboLFaFNHAkA
274,Ml2Jtc3UqF4r7UnD5Z_1_JZxm0_1kwNTdu57iwt6b1FaT7s,neukda3,76,64,14,nlOBU_YBkioX4JpTSIyE0PUQ0cgG2E-8vFGVoGqfgvE02b4
275,MnlRvEE3oEdJjTCCAvSz1gNJBylmjoSr9h6EbjFY1o6al7o,PANTS GAREN ONLY,142,65,59,t8vdTfp3opWjJAzFdEZK_aIMqDNJFpfUQUc9bqqfAqJYHg
276,MuhWzJeIRjNRuJXby1lqzq3iQew8EuDkKCIMoxbuX3f_gJQ,Trash KATARlNA,178,158,50,I0E0TZ19ZYTYSpiBNl9Dzl6253wFcsMuuJV6JYgia1Qh0A
277,MunbCpiT1rmZRtodXrTkyS8_iRjHKrjMtry_dafn_O8edww,pepegaherold,100,95,100,vw4vNl3FnJNmoDxhlmB5wVeqVUUJvO4SA7Pc3Le51pP4YA
278,MxvNlu5O9GO0_DpEJmFaY-BQ1mYVgqnpJndvh6NMQBbgB2c,Aielth,70,47,115,Na9F4EIBfam0J_t9yVFm4daeWs3T7ppPaYvIBjCiDmpCzw
279,N8Q7-mgW_tX0YYDgRQC9387OQsvJ_RPmj8z-lRnEVDjwpPg,Azravir,163,144,29,vABC-zFmuRMBU1GoXhjrWIJ5sfZ0ejtUlvSBBC4bRf5rBQ
280,N9IWYV4ncsMys6wGFheiu0L8pF2JecCI2CDff6WzvVOOOoU,Lourlo,128,116,107,AGhseWSO0ZLfIrU5_5DG9HiZ-we-zcOZWzEgiwa2Ix0WNA
281,NCF7xQHiHQlgmPrhErj7lNO8t2JGh4M-9GoURynd6EDjL10,ObsidianDragon,112,92,73,y586CSt1yU4j25l_x_TSSAkRofhM83IKLIz8n8A0090I6Io
282,NG0jzxyISSi0oW_nj8D1S_4WImLGZhZawwtuJRiaCpS38-M,holy krpp,65,48,72,CQgOJM9vOctRzftkoXslDr9TF4ApwHBKWq0_0Vu9GiXAxQ
283,NnkZcr0OkEhq0vqbDAETPoECzWtNV4_SIeWNfpoXQikyKDU,Tempos,361,351,39,Xi8LusTK1Yc29HVX9Dr9Rc25Esue8M7m5I0rnGuCifDNJQ
284,NpK1vt_B34QvsNV0pCV3q_TLZSqXJJNMvv-NOXWm_vE7A14,Brett,121,104,13,xEEWKw_BXw4FmkHUd15DcDzg-hSGrWlQwfE3Qh4LeA9tRA
285,NpxcayPst3G7QyXhmQ-QQPAfwqUxshsOTqw2rNoGXI8g7_Q,O hide on bush O,174,158,60,5Nz1d2JDzV04e6yXLEc3hetoYZXIxzYQNwkNzY_xeUgibcA
286,NshtteNIzkQtM3Om5LxCFHgdAU7TGV9K1ITxBS4hFsd_PQo,Spawwwwn,201,177,124,PoZdsinVMnMTRsr4Sfmer7ASeqYcE2pOwZOYX7_9i6rZgA
287,O0Fpsz0zugvhOjdu8qF8pALKuj2s7LbVwAcmgNkJ48H2vv0,Yasuua,99,71,56,bv-0FF8A09DZFsuwBghgGkUlZFWaTmamnAuBH7eafRyj1C8
288,O1zU3M7pNnbC13FF9RZmSuSYIepH5rsEcUAMtaTm7v8HT_o,A Panda Milk Tea,121,97,49,dPMDB-2oO_1brGHKwteW4RlvYj7ZnuiklWyORdkBGf76lg
289,OG1ZEpTSTaDYAzKCuRR0l60iyZQtXzYjbFt-ZdaWHIS-,Castƒorm,149,127,96,6VPhPWy7t6N9q6TiElIQubUyLNADt2DLhFLrBiogBEk0vEY
290,OOVb1jYlIRnXSc_dUl9CWjg72BQSuqe2scw5VoFnANc,no dream,104,78,160,wbnO_Z5nvCmZzuZKHnh1jveJMduum9wtXq7Pofeu_9V8dmY
291,ObDsfA6EMJSifzRC_T00gP1ZKDGNmZVuz8PW9Dk03SScSt4,Rove,176,154,39,pofoMpp7KDZaOk_XkDXTpgF9bnSFyMzduq8P8ZTHJmfsdw
292,Ockmg6fFd9nKRTlMDJDnNg7sUKmUtngLsF-4EHY4cfxkQMQ,Krypt18 ,90,85,15,2XGCCLlWkM7S0vjMd4zj6mNF4PJ5gC7O_mNEfQIjXy_zges
293,OduiNGqY-PEJXD74vvikBJlHH3Gq5rHIOt06vAuEPBtUZfA,HighKeySavage,182,176,38,U5ZTn2gaO81jfbkTblaba3V71ohnIwe-jaVLdnnK0Srrmg
294,Ol79IQHPlX0JcPNIE4c610x89L6fK_KzS8u--cVMeJShi9s,Nugeek,62,58,43,H4DrFnb6gcKn-pYJm7K6Lmw_le31WevhhLcgjwHph82NFaI
295,OuhApNnHGw19-SbhGl_b1aWtoarkfvqBzaCh0VIR6RE_,Cornflake,57,39,16,932aMe77aFzdIgQf8gG7reTHbQ7jGvbtokL7XFtSgHluCe0
296,PB4ZmVDgLp-efMmFaF5sVR_7ajCiRJn7wYsHcSdzAN_pXPs,Suzy the cutie,44,31,72,9_lz3KCSi8e1y3qlksozX53ba5DDfKpgWRXxOPK5Mxm2Zng
297,PDDfgkLOdW7eN7_H1fMa2ozo1zzQAGZqIkPRc5YkV9vRNJQ,luggindy,150,132,31,Hevjh50TAYRu_W7_N12IQN85LPj0eqLhPJWa5KWrJrRnYw
298,PQd0v8yhcoimLHGoUiLWVvS_Hmp0ldaKT2KOM91bMLzpSX4,Loyal,159,129,16,mdcOiRIegSubcZ8T5jjAP7EQC5GbOuxyp9nZhIdjPnUPdqE
299,PRA4jxL0_rFoIx2k0cXKtV56Dy2yQ5J50TsN748gOnK-hvs,Sílent,42,26,97,ORJHCtoe9HhJTAC-n1GOZ5BXI6_X-9nqajWneI3g230xBw
300,PgZXPSJ1cmKPcRmuOcJcBvHDOTUkke6YU4PjZAuwX-k6iUg,komodordragon,240,222,156,ZrqT67vY4gbiPAghW5seVc9-D4gPXcynoYiTq9h8bzWLylM
301,PiccDJoXmwRwgTR3CyYVi1RMaGTkeQcfaiFErsMbqLJOMFA,WayOfTheTempést,168,117,124,fLnxP9pX61qrtiNZYF36tYwBOTlRY4a_fNihWNPb_fv3gtw
302,PoWw8qtJBOXXXP1ijdE7d_Fx3TmEHTDeFVH7FzZxMGmheiI,Sandwitch,92,77,55,MVo-Cf8NU0VFkYS5fNPdEzYfyB0Mt6u9KTczt17wO4Tsux8
303,PrWHjUDAZTMqjaF56j5yIbQjeAr5BI0-gkrAYrpfyAMm2FY,Ru Ci Bái,257,244,65,c1NZsnT7llAY_FgVN9tib0xdlA4BDBZYJvEB9swluy0JmHY
304,PsqRSlnrjHYGPC1f_CzWRYkRlKYdP5gwV0rZWzmepxC9,Pixeldrum,94,82,15,cCnphqhcOmX2a68BLQsXlmOkeLK0GmwHxZf16yxYAJO5NA
305,Pwlw0-j9kSJO5UW-icr38ctsrDgmtGnyQL8xx5_ZOz-gptY,KingClueless,127,95,153,1PwmdyAvPW8X5Sw8M-r1Ti18N-SXxDert5-Ii1RkVFItCwA
306,PyacDEn1IeYeoa9ZsalLOCvI2ZN_oqwxjqbWsspQ5mTde8wA,Uzumaki,114,93,16,kjT7Ga-0P0Ay6qncpuHiZwWpBc-2Zq7Wlxt64qA4dD778g
307,PyklkbSRSS-syd3AcwkHx9IhynvEaA26ubqSO1U9T4_nbSA,Dread Infernal,129,116,17,4gk4GB37voTtKRhWPAKVWjg7ntqFIuVDraZleJ5m5UbQdg
308,QA6cPnQmjK0QDx9ZY7CgjBn9N52dCq2DkRvShayYfmagZxw,XLB,101,75,23,4sZ7ABj9c1yocgf_25-CPmT7TRlctotxGdtpk-9kYXeM_Q
309,QD-Q7li6MlH59pE-fmqGu4X82mqMwY4oGKAonoAvXfY1SEQ,Pug Corgi Shiba,129,110,46,PwpWx8nVYgWA2wfGZT8l-Qcx7JPHEweIoVEjgujaS5cXy-4
310,QHMrY_yuJ3bT1icG-Zc7-wH-jGztyv5D5mpfc8loZsY3sFg,BusioC,125,111,77,mAcYFiq8BOkAg64ODgwSeFg6Gm57zM8eT-75-BvmdSoaLQ
311,QZxZADbQ1JN0zYe2TK4uJrLY6xGiEexjqSCTKnb0Q7cO_OA,AR suppressor,95,76,53,oo-YvuV4bVPmyKuu9xfwX5-qMdMnyAw5MQ52QHgaK9co5fc
312,QjsRWANq9UyKJ68AYgQkdIYCGl_Yqb5kMzoGR1wgtFGgKtU,2p0,111,91,52,1FUtPEvB1ByOd5pvuVuaMOuN20WQWe3UQvdfGncQsWG9l0o
313,QrtrZoRItmtOEoudpIOIasnXzwro2mOgCk7DTbzhKK5GzV0,Aerry,74,47,65,r3cDd54a5gnIAblGSer9TZca3ra0Cs7gVXzoDHkTJ1rzqBw
314,QwdF6XFaL0HczMDCyTsPGOHudUpeINtPpstxwDqKnr30gaw,Tinkerer,182,159,90,TEu2DyzyfjT2AKY803tHF8fvRHw_s63E-dcOlHz20lkhvPU
315,R3HuuRBCEQWk2PK1RqM1zQ-JUF3H5rE-rdCVtOSg0org1Xk,Dannex,148,132,0,FC4vUVHOn1vjnbEGtL58dR9ud58XRfpwKCpz0YR2tUubdNU
316,R49_2I_Dc503k4Ep-OnWTIvxBrIpa_Chqq9pwHsztfQNlPw,Ikuaya,55,45,60,ERnBsL2nLxsUGr_TzsdR33tvnvoaeAzpKsDMIJ8W62yXkY0
317,RLk0vJ1JdCtwbeYPRHmTDYtx3FrHTaTNDuFQGiy8KFYBW1E,Scarf Zone,83,64,56,WOGSkoAX1jAbyQ_I4q8g-E9X-YaUs-rH-kw0qZdohQxjcy0
318,RRdiFlhnAJKifriEaRTQKLDuTaLCWD9StfsMwYIN7i_E6i8,Aria NA Stark,150,114,125,pABgmovHF4o0fkvV07C0tyAMO4ohie9lgkV3kNymHXscISS1FPzYmusB
319,RkOdbWu8BfwOd2tSSYMUxQXf5GhcU-21pcQ4s80dxnYBAJU,was good in s6,126,107,62,xCFRrmVPiSqrk1CsoL4f1sO1-M8I8Aq7LyW5IJQC5xF8CA
320,RmxNaMOEus_yylAmd5nuFQ2YVxOQ5LXfIIrDwYcdrqHsc_M,ˇYukiˇ,81,54,87,fJuxZ61WWkD90R3zhxxVsThvOI4JsWP-IuiocQ_3qTnHvgA
321,RxmX7xXqjqOCrO0BEI5c8-vxeuLGweaQb78ThuS0g2XH9hI,coblsobr,84,74,30,OriAKcFXAYQyXWNUSgIrvsP7I_tImtBgBazHPOV7_gPEviU
322,SHSWMU7YbWIFJPpdD_78WbaYCRuGZQfM3N1q7SJufTM,life in grey,119,101,20,-0MvT9mpTswFjKgv2gHmt_wlhD15p66wA6DnL69D5VHGfg
323,Scx-yoWqF0UAz6eh9mr2MpBnyEG5fCBtmuToPS0I0D2c,O My Money,108,96,30,_w_EiF-9u6p3eewWmqmlITFwLPyJb5mpwxZNLJ3sXlmaCYw
324,SkOb8PIYwSbSpBkJ0kk-1h2CG3jHFFR0jRrzDLTKoFeIVlk,Tentacle Lover,108,92,46,QydXK7IGuApMZ8g5Q_gyWz4JPTTZgG_mfZe0KTUK4GiCsA
325,SljmBbb0WCSDLLBFNlX-FWhAf7V357ZlzN7eX9ysFQJnpOE,Notzu,98,85,60,Qxh6ebSicOR_GUJoVd-KxlaEbxkUNOIt_Mo72XRF5pdlJ-4
326,SnvoTisPOO-hmPV18nDaWGdlPY1I-rdqv3WbB9C0ZVJsRP4,CØRETIENZ,104,90,46,PXRA6LJTMlXZNkOHDTbphowl23aBk52zufHkoKPgFz2rzQ
327,T-L5I0AeA9ZeJtoY8jGfY2we2jGEHgJn_MGujYP1bca0sWQ,PickleDragon,155,145,141,3aSuNPLG6NS8AgtTsL2Qz9pjJYWLeHJwmahrAOp8Pn_QudE
328,T-MS7QKjP3llXyOuNiTLu0sqNmszpeK3BxiFodxKXjV7Jzs,Kappa Face,167,153,48,OA2TeVgwIXJUHh20rrBb0M1KOVidsYUNIBQ0ZEBHgP4Nkrs
329,T6NpAvZRt2643Ra1FELIMiCDaZthGUZLa4HBYQEPu_5eOYU,Cynestro,209,189,124,mdYER_Rk2s5TDq-MQd6rWKzvk1ngM8rc1qp5Xeq9Y_-1pA
330,T6WASEVt5UzHKKv5LMvcbL4PuDTvR5PlQ-oM4C4Bt1LDtPU,Hexsise,97,83,30,T9ry823R3lwio6xELYuxbXSb4pz6GVp4wE5sD3w8gBdvsQ
331,T7qSF9SA56TZ__J3z9bNzzbQbylAvS_PGHK6oJ35uL0eeQ0,Appreciable,247,232,63,su3vje5U8QStVArrDyKmMi5flAhn4FlpDKe1nfn9y26GhbU
332,T7tekIxNqz8o3lmiLNDXT38VZaZuCBdxotaWc_YuTqevtPU,Julien,31,35,36,1DSImCajaq2hwYSgQCv_12rMmML1T9nPEwL7zT0KRmN62Q
333,TB9_qmsQealYwlLiHdqpVHnMmetJqDIZAb-VIPmZUW9WWL0,S9 RNG Fighting,76,82,86,8eT1L9so-kEhCnzW4U5-Cn07zlq8Am2OU74qKrt4FWCxLyA
334,TT9dOywLx71ryGjAcG1Hva6T84ooYZuUbha9EtxV4staZJ8,MørtiestMorty,148,130,42,42rSmELo-HI4fCr2Nm-eTcvK3r_drAGi8y34ukcXpdc
335,TWmPBxxbeuQMiIAsONq2Bl-_sWATIN5QiO6J8NuNbl2zgO8,Kunbee,85,69,40,w3ZfR2mjIV6qo698mRDfGxDlVmIIEatoz1T6gLtL2hygZw
336,TY6juYe89odZHPwhXalzYApTzJC-IwwuAxIOQN4XVFpyDHc,Kanashimi,69,52,32,tbLlPjNtzVS4Q-WysA1kS2d2nzh5SpY2DqbvOdloe0_gB2aZoedbNjjf
337,T__cdPJpLzStsL6y1wyWSak5nYyRE2Jsl5MAMuSYLs4btGY,t4yl0r sw1ft,186,167,118,fritb64uRv0_LBfemAnwGrxzbUxf6nyMh5V908RfZdaUU3I
338,Tbs4tt0FD3kVBPn4BbP2fxo1UIkadj65Poc5H85OXbb9Tts,6ixgodmemes,159,143,91,k7xgGIYFQwN1SfEx7KFC7MrCHUrkXiHgRj61EEpstr7VUPE
339,TonljojeLriSUjym4Em0kGbVcC6HukWa-JZkHP2bf7YF0qA,Jakoshade,160,107,78,I8viXFAGD3UPtBOTR1pqatEH6tRyUXWYxNhBxhI-Tl0AOinet3xMOx-W
340,Tp1dAun4hX_URxhYCPcKwjaIK7Z9Xmo4j7CFNycf3St744c,XO TOUR LlF3,152,142,43,G4qtAJ1NjYMTFSJjUkQwgX9k0C0EHDjLSCUQKv9zCsSUizM
341,TsMm8GJjwt7OeZKlqsAM30qe9QOPazX3NaqNmob1dHsOa2E,elite work ethic,111,93,48,z8WcKIbT2qJ6rVKImbOkHjEqrk-Voz6N2JT0y3vS2oNq5Bc
342,U6UrnR6xgEdvH9w7hcrwSwY445JZ4v5MVzYhXT1aEPG0zxg,Gloomy Shenteemo,148,116,101,_Re4iUuwHhzJRlKWAjLRZhSxztMtHLTFuYYpK7YUOC_MYJ4
343,UJhZLY_O3IPe-LU5WSrzV3oMTbSBWOvmDWmhpSh_yehzk60,Fated Enigma,161,153,20,hG3C9FjWlVv37SeYjVzW1ZT9guupnXTkJI5N_j2JWF8gzFM
344,URI04zui9qf5PRUhhxj-FjXP2xR4k3Vh-C-gYSI4naBQA4A,Bêi,116,100,96,TCurbpmScE_UNSSYRdK7_pJLagtD7mTUw79emhK3ayU3EXM
345,UiogShIFHYUpYgGRff_5lV_eBiKMa0cVwAQz8Z-MZTaHpz4,k2c,100,90,77,qlHXhjW3uV_1Qke_jfN388t8sPbxNazLzUuS411lAHdskqc
346,Up17wvECvv-KLQwnwH3d2lNT31BbhET5Osg-1QDeGEAvBjc,YIlIlIlIlI,97,92,29,7OQiGCqYt69FZi0-WIzG-B0BspJWb77OqCTgMGeMoFTxXOk
347,V-JBA6d-A9kwIwCCbFNATkfpPN6FavSI5Fz3qLZKCEOe5-E,cn inori,181,154,33,7-GOtkGBvp6CCe2fVFa0B1ovxb1c8ntrmpXqdxHxigkvuw
348,VBSmKLHE62PrbKEUwuIvVK6ZkqihHztKeC4Y7FjyS8qCq8o,woodwoodwood,135,116,115,Kw_CCFv4L6SV6arpPe3GU3OjnQUJD9HLgAeE1xT6c-oqiQ
349,VExz3xvbxhNjIZ3AnJcdVlGo5Jn6qGeZezsLAKR8pLJO0Us,jbraggs,235,221,69,RhV2l4qTKzNf3fQQUy7358Xe7T3rzS53SX3TB8f7M6xaUw
350,VHpBp5bNRRKID5VVvFpsWw2GbWB8YBpqqGZwecUdk2wcP4A,Drektarz,106,84,42,CfnHWpQOmfxvKdIIGe1JQ7Q27yWBpUmWZSxUQTMUpv0p4Q
351,VJbV7hqhFwaH-xC2QLDAb0n5Rl3Edi9S2kBoOnKfGD2xNu0,Gmandlife,169,145,96,k364Nvx9XWeOq5HLyZYWQ5-CwZNvRBpdYi0CFyTlwTkI24g
352,VKvwI2ZL4sBukEiqU4l0wfeuGgcCeyucn2emnahWaOBdS9A,AlexTheClown,120,97,15,WQf6qOhVVGtRBRn4bvv_79le-MHygdyEFld8zGPYJtLBURI
353,VL6OHP6MbViisMStJKiehxsVw-cjvIaGPi9CZGEIxFfXjVE,Ugandan Royalty,265,240,50,wVrJ2PxLT6P_F7FMgfCxvvWvYRG6hzyA43dim26LF0ZOcEw
354,VX8JsVLUfs_d_MzHyVfnKJf2Pek49uhVkgcQElOwLYgn,KR Millim ,85,46,128,U8Jkzv5m8n-5hcf1PnH5-LNG4uUnQ9zQ22B2Ch3FuAVJyubK7WO3rQMX
355,VgkaK11ixue6IwIvwKFgFObgFBo6_ravI7LFHnY4C2PfshQ,XX9ZJRY,162,116,156,k0o2aWYkGEKPbATxog-LPbNcKq797J4UYZ4P88OwkBmHmQ
356,ViRBm2bXX_cKln9dZ0SSoyug9EswAo7brDcmw-7mGHzqe_E,ttv ilyavril,105,93,45,dLjWVCl9lRAiLGw9ph-MuMvvpeccMwFb5wgrF3MKqNXQwyKlq6B4jLRZ
357,VkKw-dwxsZ9hS66h3jcIroJ-E2dE_egIvMv7PW1OtZmCEDc,InwProjectONE,112,90,113,zFvNVO30-3rXK5EMxcHVyUGXdurxJvkaEb-XXqOevOzfPg
358,W--ByLwraBOrgfOluIekOFyztf0ZoEs1hUHjq5odzqPJLScP,Purrple Socks,70,74,40,mYXAG2pxtnLB2OL1J07x1YS0e37PkCmtsOlS9PHdcu_jL40
359,W85aa3_l79L90c9QsHt6xF9bIeeUVM-BHVPHgChUi0xSKp0,TopLaner23,141,117,162,_p0RTUyTLBZy0b9SPq5KwZJ9sltYrCh7RYCjyeh2tinNghg
360,WFX0oqsEOfs7dzfCuWN-D0DP3ltEkj5Gcd1alKn1CNFage8,Turbo Bro Jock,81,64,72,InMN83Lfw9IlrClxXpi70YoRixTfsQ6Rd4jK5W4J1CldgeA
361,WIZLH68j29XJYpjWsiKysBDhvYmDMYKDIEPpTFPDSegt_x0,ˇEli,165,135,24,zSoveq5R_HOacOJd56QaF_5h2Xp1iv4pNKfjx-JiIg-cvA
362,WJx5KP5YhQvs5peHH_C45ABZN6gm8RxJTQJkX2dfaxuC1pU,Dal Byul,131,108,133,7jS34cduWpCj0dFWLxgTkik8ywzBNUzeQNEgvSZkSteaQw
363,WQlthJj-QSOuiDhh21nMXW914F6x67x_AH5O6OpvIh_S6vs,Inventˉ,78,54,67,MTyuhLSZc-trZE2o5hYl-e1-r8rtB1IqWmCVpclIXXX6aT4
364,WUVOKRDMuTDjJ5a9R-YqqxtXumgFXH2e55huxFnkwLJFiRs,FA Anderz,156,141,102,i7IpZIVcuKWhciSxr4vI1SIgN68MKURbAv5GPESSnWHY3Q
365,WvRhtxCR57ylRJPqilS2h2ibvn9gWsiqiSjgDDNmaTs,Feí,115,98,20,tZMnfWlPdq0e-FPQ-R5gU9cUJUc1SZfAYVXXGFjU8wTkXps
366,WzwkI8Ql_cqgJHDRxgdguQ7RqcRUdbMaY8hT2Msdp7CUAC8,Notorious GÀD,238,228,60,aYsbzb37YrQkValKnnsOO_6tw65sSowcOLGOzjNarDJ0mQ
367,X4z5y0VVj_S5hi-hag_UkSavfURqGnQ2OKyDgilyJPJ-tywf,DominateLane,85,70,65,hC25Xjjw2aK4--DqOoZRoVhdMDwEUsY19cvN8grc7zJYHg
368,XD4qzDp_VGxR7R9IzZDyFWluAofABVMmFxHcHnV9O4YkHuM,cows r flying,105,81,84,4F8bzD9OHsl3HSLqPOqxqQJsB1BoLWrLTVXgmwrbcZPytJM
369,XL1lGcV4ivTTuKlNAnfiRPfVrJHef363ANny9deac-aFJBc,Great Support,78,53,104,dRiyMBecr0LfZbG2PEMagN9EG7RN9sUqnQdsR6hDK7wx3w
370,XMKPEH2tAHZFaELZ5Ia4PG6Bw8v46S1bm2pGcMKaKLbwlBA,Flétch,104,86,21,zhLaUXNqdMquXk5O18Kxcd79q2eJThrRbgaVP31ROBarZw
371,XUFqDM7aA95OB2M5IeGwgqllj0Ko8gMptMu4xKiwrQisWBk,Young Pete,211,160,85,-BlaRZGKXNGy3exFEPs2ZKiul3tIMHy1OD8wRmx1VdP7kZM
372,XWAygI8JxQ7qH_guGlrjAN2xMs1_2y7ICggDMmwzaqvI8wI,EvanRL,112,106,46,pmixsAm0ytGjgC55Wc3t5EqiV0kBdibHlTYDwT0j7xVhEw
373,Y17B0ZdGO_44d7ehVFiBfhwg4sEQ8vE9G0ScBw7juOTE0rM,D4 Top 1 Percent,51,39,31,5Z_4fy5E_OgPcxJQkhsGzgLej56yf3XGCdPsPFCnY0nJgEA
374,Y5BtKsQSfZ0SuOxhgEIbSXst2HfJ4nxo4ibKt587htQy3fw,zhongdan,164,137,123,jCOFPzvKPmmTVeJhsD5UEJT1-39a9RP1ZISE6fJnesMzFPk
375,YCfhKyA0pme-8Ojc06iBE2aNUERQ9ZSJfl0Erbk63Ayexs8,adc so broken,38,27,99,BC7Qy3Z8oWI7r8rs98CJuv1unNjboM3H4_GEgHQl9YkNOe4
376,Y_NI-jsAxijPTrOScjh8LL8XrMXAqbsO8Wu5a3LPgJXA0a8,Metaphor,133,119,139,bY74Hxi4HLeQk9YBwYvrICLqs3M-w8UWI3UoudBFrJdbQ1Q
377,Yc5thHyuX7C2GpiZ9QdQ1SN1cR4f09UELPILRRCu6yOnl40,The Big Time,45,23,41,UgWcrFt9xNQ5KKY_siPif0ErPR3mmmWuS1HvWGkRoRMXEw
378,Yk4i4SREWqePSJZm3hCkxJHRBkUeyzARA95bkrRJIpbC6PI,Wofye,152,132,46,YZ27Df_nygGFUIZ-_Q2Zkd8UhOpcpsfyVuf82zMdXtpfIYk
379,YpWFPP-KphA-fiq8pWpFgk1hPw5doHvFP0iEaNzU6cWOiN0,Flaress,148,127,109,ymfVDg3Qb5PFnAAY1F1DtWz-wNPjNb6TjJ5k_b-9AMxc2oM
380,YqgORAptie0dnh-rkL53ORjIOOKXUTnsJ3dJf_HI2dTQRJs,Disconnector,181,151,38,CPOFhdCYQWnhSMxGPUSxKvphy6Gp15FnjkvZpFGdASuSCSbChQXwf6HA
381,Yx95_h9tFT0oj_LTQ2l6VDmLvKrS8WdeKI-I96l23UcgHNg,Tsunex,98,85,30,LZvxIBjqt8OLdfKvK1taFRXkPohvK65zLre0y8U5n0I_dA
382,Z0fvPaxT8qAcy7dTIAWnmivaHGGdw7RPH9yD50_W1-DrP3M,Emily MacDonald,67,40,103,U74mVBqVuXc9QQio9BolgchRsyt_Esm-VxwKNgoTCaoMTqo
383,Z8H4mn7zRMCk6eNTakF2J3VRJjUZ0j5BCz9UMPeY2AombPM,RNG X1aoMing,86,70,65,s42aR1mV7XHgjGF-i33oKMonQdsOTFU2_xrn7q-bUpnhm5o
384,ZFhyEuxfFsEO5JL4AiwjJmHL1iyCVpXpRBb99oCjc7hoR5c,NIKJOJO,270,251,97,ssff_YxEw_DnOcEM32T1MW1fVC1QT3UYyIYuUE-9k8-bLDo
385,ZMzzbL_gebvc7XpezhA13X3i7oyaQeteIcEieS3skGlyQvI,ekrcu,88,69,58,KZdJQreEx6F5Fz1skHbMOtj6HKzMvXU5F89gNE-pDzYsZQ
386,ZUSxJ5wQfMvkipjZxWntMy2FRaACVlwLp04DpPUuJDx1EhY,Spin Yasuo,126,81,97,4CGNSO2E3y0L8EpoWHPwsQ7xtoCa49SUCqb8D72wPkWo5g
387,Z_vuuIksmW0KvSbLt7a6H6Q6RPgQyVNwOdcgy6myG528R4s,Elession,75,55,98,xSQvbRYRAcwX9Urzd1rf5JoeNlM8nk5fQlahkr5CpETA8gY
388,ZaC0_6A9mPVQet2d5ZUsvTCKzz3ld6j1R_7uAWy8YJdSaTRZ,Yosang,143,126,105,M3BAwgMU--GsBgZNpXCvmbdJsb--vTQLM3qthYM0-DG8iA
389,ZjG510TkKRap7OzAcD6R-ZBpX6wj28ep8zqVczd_PabENlA,ivaaaaaan,180,109,119,CpbXhQHNclEV7YnwxEkEIket2SZcUIeK6cw_AhYEsI2ixg
390,ZmHuIsAUtSWjHrmRFIHybg3g_q-7lvy0af9KRiOppQo8rY0,Saiqilol,125,109,46,mbN04UkBDIQSU0YDx5IMNkNkdhUKicDrzOrX9ZZhNNS-Hw
391,ZoidZ4ugjdW1GgF6fGOsNhtnPdWTi6_VQDCGPU6aDsCkT6Q,ty Ddabong Dochi,131,117,46,JIphoni7d2rH93NUGd0_VWeYIImrcFO0hvp5pFTOUUk59HM
392,Zt_tMfvaHmQ0rp4Q-0zZ82G4INQYsyyeWi7PaRkmNr6w1aY,CLG Jo OolongTea,64,39,48,DcsdRKn3A1LUnyulQ1wCWv-8-H0VTSkV-gtCXa7iLpSGOpk
393,Zy1rS2zsTbVWffFUmNV0JRB5t-RndVVxNwFbvNMN8q7r9Co,sleeper178,274,248,61,RHFFMrujMwye1IQBJcUvgMBzfedAlPH2KNIEs5jK7NcI84E
394,_8KAEzqtRjTCwJ-t0LbUz8ZdzjgOZC4LeQRCvM-gaDDHoGI,York,143,138,15,L0LuAGFX_Ra28RcHAEo-Me6BTmgrKL9XgPbV38X6C_0GZw
395,_9_Zy7kChctXhbphiTCBduOSRLgutsl24mhM-vWO-GxFUOg,DanweI,152,104,0,h3lHun-2ExFnKNdUQFJzB16jgCu5kluC64_ZhiHpV6FMd_o
396,_ACbhkHA-Pq4WXuF5EaJQCmvcCinn1u9wN1NMIf3-ovO8x4,Solving Integral,78,47,73,9vkMypKx9DL33BM3fr5esQWsPdYVzbLNj35bijjcQ7QTxJc
397,_F71Jh0mocy7hcLSlnYAGSp5TD6rXPjr5LynBNNJYsqdmRQ,SandPaperX,135,117,139,96bx-4JnCJ_wgW0GGVgCkFmsKhx1Z3IdWQZSydEoVCzQ1g
398,_Im-2Hp-wjOYZyzxI9U3LmwZpk78aonmwoG_AMuilGMPY6U,Yassuo,125,103,127,4a2uOnIRgN7ujzwpwYE1qgfjZhaLyXLtn8kbKEBteyk
399,_YYcGdPZs-aYba5vrVxeRrqu7J4CCr9oDHD5tR2aWcU7Cpo,Légacy,120,92,18,IsmETqykr1nXD1HBCfJ_x4Vnt51R2EMbMRitbnkBXIcxEc4
400,_YnYIzv8hqV78OVmUBPOCmyoc_jaycGtgxH-Kzq9J6wGLXs,Pygwyn,141,123,9,rDoXNdkdQfrqPvntYSRWc1-nbD8avXe3u_yMg-VGr8wFTg
401,_jaz5gRA-g2JIp6VI7-NwAJjvDjRtEMUP6SYVxuSrxMyiXY,Riot H4xDefender,111,101,36,odBP7WG-9_Og9KGSgtm9AiK7fOIBqcsHvnmxDCOWBeL1RQ
402,_mY-mHWObRTic9-LciJVC0KeNsCYYJG5G0tGTAmKJUSr7zc,TSM Sarcasmwon,52,23,135,ID0iN_fd8KRmCK6j96rd-vd_W-UkYK1UWtMVUdC9ROzI8Em2vwTpdAEq
403,_oS6JbsJszKeMVOiWrcbOvRQekPnYPrZaIPX6Q_WhjccC4U,Sapfiros,97,77,27,JPv9c9jMOeqlt_al3zilZ15WuQ7X6L901hMTrDLdB_mcZ24
404,a3SD7eE5maZmh6k8BdmT9AlOMX5iwnFqsyNHMBoMf5hkzVs,ViagraPancakes,171,153,20,HakOcfqfvNvEbRPIW3AQuAvj7M5tNwTgXheRJLv1GO6eLw
405,aA3enBcCRzhgY_qQJY1YmFAnWTFLoraqaH4EdFnpRo0Uvxc,Biscuit Crusader,111,100,63,G8FVAUyKO4Z2yutJNwK4WnVVJPiKJBs9IW53g17fQw_2Lmo
406,aC6y5yc2_qxPC5bUDETcOpnervewkkewE5DtYdYSY5jJdM8,Akom Ayihsaka,92,75,29,L_kF5JmX5dlwgX2TeIsWVtHhV7xN05FY3kgFbjB0ofcVRbY
407,aHYR7BgH043dRosikiNqtTmDtTe7m47VJ3g3CTu_fjnkrDY,Short Dog,101,89,67,9idcVdLBkgh1Llq7POwYmZjAttApWr-2pMrZEoRqizbhD9s
408,aImIcbau4zc9ma053Rddbx5EI64VsSddGi6zUqC_iE5bhYs,HeavenBoyxo,85,61,63,h8FAY7Ozj4qm4VICchN1oQ9P9ndCUQW3o7CScrLrK0L55A
409,aPAuGoKQoChOiM15O6yx1z_M6k2f3RAcgFgfTWTPWBbsMW4,Hakuho,69,46,76,wMGE7-I-c5J_5DWTQCq6oKVBuCaH3kp9MMp3jHuriMaB9g
410,acU8j3MkZpn9DoUVlKDzoKJhZw_0n2ncuyCLbN0aEZeZumE,vipner,174,160,70,9EaQ2JTD9r7I5KYvsZkmc0VPRa3cGWM4nrKZV8EqJ3OFVaE
411,awKu0-SlWa-uojpOw_CEUjT26HNlGZ0-sJXye-yk-upVbMw,vipgoat,106,76,72,pzSOWOAG8-OwYRu7bu4RvVBbUyKoCtmMTxcMIevFEvfDQw
412,awZfgV6p_zuOi_S8w6AeFkwH7c-WFOnmbO9sAp7kk0nJ0VU,aphromoo,121,109,26,QeZoPpz21ms2fLFZ_N9KMl7jyq2GtrAzp-5i8a23ZmI
413,b-EhNXZfKA6w3gjDVNQV1XZD8PsyG8__fwCx8KjyI8tSCA0,xKace,134,122,45,ChUvNPWgPwiaTGHmhu_OYYyEOtBZKnQ94WUGgHH9MqdBAg
414,bHAkw6oUs8t7Ya4_pFEiSlzmehR0UexbJ1S4NsoXxq7R_i0,Sunnn,65,57,46,xjebLIQSzA8QwUsQWJGNqVq6UYLdYRJgkefoq49-810hLEc
415,bHkG77Z_ISLlFYdXP4kf2_3dsZTu0lhccGS_-vkgn8L98iE,Kuderic,54,43,26,WnAXmgs8N_i3sS2RUh-utgMk7ye7sczksvIX2fEpHXel1w
416,bHsFfOlJHcz5X2rufnl41l5ihc0OcdC7DbbyFofHvgdpyng,AMAZO 1,100,79,67,ltiQXzs8yp4o1pCZewzifdUnCzofd-FsSNUsZrj5Ho9UWNA
417,bJgbxQC9GoE1Ch36v2jYc08WpPzT1YiJmHlijNk0xQf2eXI,Good Boi,157,137,64,j5A4aTZIlu6hyocUu7wv0N-M5HLWROGlIKE3dtZC0NbZoA
418,bJnZtzQOAjJfx0t3SgL0AoLD6WV5raOTU3AO3nDrdS9pm0M,XX4ZADL,158,139,20,E6QDKRkM_f1P9HJK9NX7jS1xeEwAPVz0UQw3_lhPtQgGp1Q
419,bLKRCcU-i6Ne5z_VATKo5rOyI276ugr00T8Co3sMBe-AhDM,ADHD person,94,67,101,O_JLwr5NrkcH1CFLSSABietJM8EzPjm9-X_-qxLzdDyIT98
420,bNvjy4KzKhUigpN7xcIpN8-r_4YrkNbf3ZLi7qGhdS3N-xw,Litchi Redtea,69,48,17,_MTGWKQPxGJVqmzd8td5kZKsielCKJIcW-7YAeSHsM-FWA
421,bO7BTfgJpQbcVAVTC9wiDWsSfL1EOXf-rFTmFcOCTBylmac,Imaqtpie,254,244,35,7gj0qA0rCHlKK2X27r6yczh4ZAmjqcfl0UDTxmXGFvNw3A
422,biX4sCHSTbxXOMSMeUNvGqOlreMWPBRtMlakuJnA9_F9cSY,wow so good,176,117,90,pSSUwG5Iibb7JEucTgx5g85ROBDPNWIMDLdybBQNYiu_57E
423,bpDpN70EsxRrF4dB5kwGBLvac7ql1FUT2m7KXyviVXTj3iY,sb american dog,142,62,77,5WU-E11V4P_YxYZQpUkXxnZfO78PlakEX9_yj2_c920OjJ8
424,bseqicsA9CRMdf7LOQkdUpf6JCpsEzUgZdyvJ0ZMbG_DR3Q,Arbez,102,72,144,x9pGswFU6A63qWjJlcwjIeYPZwE5kkmqkAOE4oTNfYFydw
425,buFR_mtKwnnKLb5D31yhcGIPu8-D_Ba0VsyaxijNjeus,sigbog,156,128,119,Kus0HrRTBi9BoCuMcqvMlOHrkiQpjBvEslF2552yoESv7w
426,c1AC1FRQKcOX_Ha-xiuYJQ4OjU7NLYRctu1uD1I9jjAI7MM,MeguFace,49,43,44,S9nx8zfeDxmTFzTZpT6HZabU9CedGQr8XRVWFyTs3a29sDA
427,c4o5aWbQEt4M4N5QykZ4YLHy0bgpwZqz6NPMLKZUg4vkqrs,Kitkatxz,71,67,15,QtyBehbtz2isKaQpklgCJL9G8cENjaGDGcsTvyzr3IkdDQ
428,c8tnWrPvCjG7iKLPHk85ev0zG9Lz2oX91DuaBz0Za-hMLUY,Fauxz,196,187,26,4fhqKvHc0xMd0_SmWbV2_BEKq1WJ_S0icy0uiCX_pESw4g
429,cA-kh7ayY_c3m9-TNjqH_tlsptCiny2I8V5IjjIzq6P3YLE,RATatouilłe,68,45,104,BMlJSYvKkV4M7H7VN_G9Va8PgQZis1YIYbdV33EXhof0TA
430,cFKQme3541KBFdDK6e371wTAB0rKWk_yLbV83bfIrHNyDRs,Jayms,105,84,77,Nztriqjr_bubzhVDH2FfesW07lpLtMVjjlFY_YRJ_IXxcw
431,cKtNPYzfpbnJzDQOdil7IeTgt17SxcmNwPUoWAV-U4PWfKg,Mouth Eyebrow,75,58,98,H9SUgH-pPEHw66AYKKF-oba7x9TooSNrACf6aXrEYFbwIsY
432,cNNU36ZadZkYkRvYRJMdXPnlfk-SXPnVnkVdf14rCmk1hRI,X vvv,189,176,55,KrX9dZIQ2ar_V2VdLx3Qde8cYKbkjnJkhhiR3pgu-LcVCCI
433,cReq4PASw727UzqLMbeBe7nlM6ZbUwFwSAX4n7chUHVY3uh4,datdat1,221,197,56,xK6rA21hThhqjTGH2rCbp3iGWnbZvPR-7vbdx8pL1DdQgg
434,cUhZFtbrHbYYBe72RNQtZIsGI1d-Vlnub2Pdc7xEEg,fox solo,186,166,44,L0CPDcv4RHSNdO7_-HU0l25O3fqPz9FBNQzUGlR_BdITMw
435,cX_91O3XLbjO-OR3hQcI4giTiTmD0bJ54Y4gU8CRToQxTvM,Hi im Trixter,114,100,33,mLKipgQvOGEiEWQMRb30orx_IRkASNeLNWzEkOFm2NxSjxI
436,cibPpEWGEtAsg4oxFcVzjkGP8n3OUG_mu1vtUPEEleuXAFQ,Khang,74,63,71,MssoPNar_otHjohat9P_dmTpm0CGlFm5-0EPtsLKd9KWppM
437,clXcQzHLPT8wV2u3_v9_JmQeERXKBzWJjWbouQwwfmX413U,Fleet is useless,30,11,131,2rYQNuXW7b-Rd2HdYFsv9eXpKfwqEX78RzfKZTj58TXkIIU
438,csYn3FbYI934b1RkQl-gP9YTA3td8RX0B3zPbVPpmyV0da4,Apollo Price,168,154,82,7WcZdOKk5jq2jba_WWzdHOyywEpWpT7cWHuOrMr3Cg
439,cspSHmIE4z27Ld6mNcns8KW5NyhZRB7HkD5dKZjsWYMDZZw,MU Wolfe,91,80,25,6x8vVSW2sSkaxaOe8fOY8wo9eDdB2a9pJ1iArc_sTV5lIg
440,cxKHgk1-ux2sNujb0PVOi96toLuUjTQZ8Wyn7qRIqyaj-FU,Chocopants,179,162,66,jCh4g2NsEllV0YDhRnIgrRdCdBLQMNRDji9Tgpo_WIvANg
441,cybq6090L1g2ViN2x0kUY6cBjjR0pHGVeBdslSAv7KA7ju0,A Domind Smurf,115,100,129,q26IH8nqE7mYhGukS-_N_Nz2wUJmhYFOxotCqPAIBs8CjnE
442,cyysexyH6QKhctTTODXvHb9dcMDql_Q8g8hxiIZ8012JGLQ,Auberaun,72,63,98,T00kzM3IEIuj05_Y_AwjnSBkCLS6ESVCrpmJ1597YhyYmg
443,czliQCrX7lxwWzmNPzZkVKHSVU59feBRmt3RHKIyuY-wo5k,Gamer Girl,41,32,27,SiPedYiziUmyzNALP2FdQ8ZO03PUgYabZhG1PlgDFjYFZg
444,d1MCV0P_QiwrI-RAfVTCHkbPwsHNZ193gpDU5fcNDYgekIE,NO INT EZ WIN XD,332,303,45,YPfokyOe6XepIJRfwFgWC0-RQympdSOjS32D8Mopk6Ka8y8
445,d1Z8SyBQKifbEbMlC8xj30BdYjVQiIzVC35oSt3bFL5TjGo,TrevorKTran,207,180,142,IgJAGDnGa6T9n8YYJJl4rthb0oBOWadIbv6Ubud21fanuQ
446,d1Zq6Rvxgx4M7xFutT9MRPyrXQWjOYSqHvADorgMEPHVX88,SpookyB0y,95,40,17,H4xmqxtgyEUbx124HYsP_O4lK2lQp8EUjl6T08_YbZBYog
447,dH_EEVeA5FsHnxqN_ZzwMNUEwv-F-s_ga6UHV-35EEIWF2I,Solaria,97,77,65,CPne0dhssKYURgRYfULEjtYQ6nuEQ8d6g9ydWp7jGaVGqw
448,dOYIMpRWnIrIghd15j1oGrRc_wO47KprQGKy2tW6XdEXBzU,PK PK,214,206,38,8qC7ZyMwIPsxnuVSh1LU0y-o_fUhb4GJ1Gc3-K1kB73CD90
449,dUcrHKjQoIIFNtYW2hzLw7LB42VMA1knLtH1j2FHwM0cor4,C9 Banana,78,61,32,AM-ei_3K_KJ5p3WDh-PxggVkZwgbGgDlVo_RGNFC2VmBl9g
450,dWS6JHkuDTebNUc1StqBHSsCd0oWWKhYpyI38RkKlkcnGFk,IS THAT PETER,136,118,29,3-TazABPgYNd5NSaU7cBk5UP8vjoKiLXKvqE40nyGAzeCL4
451,dY8cc6Xb2dU9J7O-uL0GJ0nR5engSZSaoQG0bJp78GiSTu8b,Chad Jungle,123,114,17,UwcB98DInbwFlUk1ARkg9KKQrJZaGMVIo65CJyvQ2HQLeA
452,dZ0G0OjxKF1weJQTs-uOG81pBQEpevgj8YCBxg2Vvkbeulo,Sourvvatermelon,117,93,15,zcHrAKVC5tO0TjBCoinwBIRsuo8CgMDIoxQQsLAjIxuJPtY
453,ddJWkZtu929KCCQlX3gB9KXDvTqfRBDpAbylSYBMAaB7FIk,Savast,32,16,108,RhYhDAFNkk1113hdGYV3hvs1jhcejU3MseR9txJ73ulidw
454,drNE2QQPIn9VCTHVDpZZbTZ2tPuupdH3zD0kCxawz4NskYM,Synotic,155,147,14,j1yA8nzz5qF7LJFE4fEG1d6viR3uSrJWvkQYxc9AGyA_vw
455,dtKYJh_nRQJvnjFlsXM4pTPIlQCI1j1azC3UhiKwNOs_9Fw,llIIllIIlll,49,33,16,5Da9FvAfse2OraBY_9_S8kjyqxkxzE0kLLtRp-XKSuFUn_o
456,e-1C4tVa0mXGXKWkWGUqmCubJ8Pivzn9FOcqDMNKfhzbTV4,Z3Sleeper,54,31,46,c7ya16jeT2On_G9Dp0oQjr6JPMxHMNHb4JOzJsyoyiJwRAo
457,e2gvPIPl91MU_26VS2SI7fQp7-SVTiT1ANaoTVTo0OjhrYg,Alurium,39,24,30,qh2UCzLr-OBGB8sqUmErf7OVljvHFHHdeT6buVsh9ezrY58
458,e9znanhxaZP0AqMatPc7UarDLD0a2xNdbdT5ANsIxfJAqtc,CIyde,123,106,166,GdNidwX-ueKWApTu4QqIaIVyLhqXe55xN1CQx0KWdgTgZw
459,eHD07-b3KwxX1i-QXFbiTwQgvEBTzQjBv_hdaDp7X_4f2t8,kingamazin,82,74,18,YaK-WP_vM28fMGOhlmEzJS_11bbBrchxjgVFDggb5XgYXoE
460,eHQOg26GZcJ7wEhuabfqBTxDj5kpIQnO62x9cM3dQeteEs0,DJ Y4ssin,264,247,156,yGKnKUQKiGHL3Z0XAZfMU3wgoQHEvqFkSGYb0yViMcH1vg
461,eLNFaHWhjzwIyPk8SqzxSff4ix-azmQkvf1D2RU2uF0Bc8o,Lizardsking,95,47,115,Y-m0jRbk7nTiBxZfFKGIaB__i-rbckaWzOv5RqYq-PHkhUM
462,ea1J48aTaNLZVVwn3veHSrFwBsBICP56GIahYZg4WRtKXsM,Vegeta,140,125,20,UR7XoQE5ddQYKf8XW7vlUn8Xd8gtszBYroBbFFMWi4GpGg
463,elX3CyqknD5V1WL1lddgPEud4EiJLHYwn7qSn9xaxnWQz18,TSM Sarcasmri,47,22,49,iLw-45SKjtU57WFzIvx9wqS5NUFer7CL_56SSb6WlO-6nMJFsLdoDu5o
464,elyGmphkQlY8wLrWojOufc4aY4g-VRdmtZGySxiSGg,Veiv,204,181,152,wDs2WEn4Xj93dwh2lnVuCLtthb3FlwqXr-knLMebPVuOs-A
465,eonc7OUNUP0G9hxx7Rlh4vBmGQxJu_YzYs7r2QEaM8saFVY,m m ,51,37,28,9O3TUAVgidoLdDRZhyML8I6mx1Gw-e1BuQZGBquU0GGnL1k
466,fOlizHgLYYQh2Qi6Ft0kv2tq5flr0etGzlUr6rnB7d39OKg,FrosFores,54,32,18,6ryIzIigF23dUdTTIzOCwqjVeV9Zx9DMIzmhCDzWQJN31Ik
467,fTyvf2fZXXteLtLTS_kiyxiWu1nMFbq2r0MT-ADT8Kv3THM,Vano,89,58,94,NVcCw3pXDgaG1yXBdn1rHXS7D_-b04u6YVGPspvxrdoVC_E
468,fUdXXyVgnBazL2yaMdyt9ys7spSz9_svbk78baTutnKlMBY,cuul crab,173,141,101,mGBQSmJ9oNJDJR63bgfT8xfQzyX-Jrq87hDNR8a9K-IcHg
469,fZF0qAJWZaiqtqa6XHyzyBPVuXGdqIUNjpLzQjSjGk5SxS0,Dive,84,59,64,HM64yJkJn1lho7MLh8grGYo9wdz9LWgWPNKaqXaUl25mOxM
470,fbENWOY18jn2IZOWARCUrPwNsoRMpgUT-MZKXxID1Kr3ePw,Nice SoloQ,95,72,127,b9pex7WqIqp_fywGkm3uOsAMxwBL8QRywUGETVtBs31w7ws
471,fd6j35wwThFG6QvcE3x5749gr3Uqb2BYf_rwzGGMR014wo8,T0pMEmE,124,105,105,8fogCXY5lAVO-IMADGgvNaOG5BL8yIi9tb18y1_DEJ-It28
472,ficMCR4Hi8faOes_s15XgviyN4ULjvAkfPSu9PBTRJ--zHc,LFFN,165,150,29,3yWvS0p0jygBrayOkMju22m55mJpLUV7MZGEir7sec8DKw
473,fvGKWqlUdqNUsWAZdRvNBcfWCgimt8H5P535nNs_xP6dBLE,yunqiyouxi,97,68,134,K_HAXNlbDgLrMgtTEsJ4-hjfCyBCjTUMnGC3sq-lN9Db7wg
474,fvQYfYk2WRNsYLeJVeT-z01wvzxaKpxdCC6yh4vSUg95xx0,dui bu qi,232,218,70,bQjwEz2bAZeUyX3lqgkRT1CrV-q5DrSB74tmZWXLVlAdurc
475,fw_VwnPkUTKvN4EnkLF0aF0nuA6zbdmOFOlK_WzYle_46Lc,DrewDozer,160,140,44,drqNUMj4Fy1r31NavtfbgePeveG695-oIxe1Mqbe9eSLHxg
476,gJIFAPDaJp3nyT9kMraZZoKMiCQkzDYtLwrLRSM7Fl3Ea3c,BillyBobJew,266,249,79,D_5UgVJrpv5RqzAIxk9zEOfyRo6k2sDDtIqQhVPEz1Tdbw
477,gK215ttzGW2fv_x37YkrnSsfK3kdlECVvQoJAOn7tsZzZ6g,soul2,114,80,116,lFojmZ4-8jPEn3hOkhdRY2rfMDnPmcI4DMg7-wX3r6cW3w
478,gLN5AJUZIoI-Sqwf0QV5j0zuFtqSHDX_WQW5lWzH_Nv8LXk,uglies no type,90,37,157,uGvOH9E_rvfTNpKzZEhFGx0h1lG2vwthZXbPAM0aqAhPrCg
479,gLYWhkaaSya89ZUig90FplFsGPwLG_i85rNZGL8_5JEmYwE,riste,158,138,68,0hkcF3L8Qb0jedmM__Lblzpr6HVWoNtwHtu_dskXntX4pw
480,gMTTsuvYm025NAmd2RMQuLjCYLPTNUGIXaey6eiEj_5zj1o,Yuaru,171,118,32,N6d6px3XrWXJt5PdBJd504LfYDMK2jddl-6GL6XRTavQ-IY
481,gXjJSkx3BUYp8NtSq_xhOzqWWzSjjNTF0RQjKBGHK2sB9IY,Rist,141,114,40,ww58MXK7lU5z1ujgpmPbWPkrr78WRY7gtAz1-xEGNjKRdag
482,glgRVZ4xuloIez0x457dM29eUy5uK_OFuf9f0CH0urilDWo,NotTheRealPhilip,140,127,105,TogaZRn_oWxWQZp6dA82SBka8Ix11G_vUB_dr-RMxm--hQ
483,gr5Twwj-u5zpUxSlcE0FKjyk9Tquks5Fc08Rw208ow25N3k,FrostShotGG,67,43,124,lQx2xzs8wgFCdwSj7E-LMTUr_ZPRQj6DAYYhKCM6itZnRg
484,h-Ah35yZmPu3Q5WwcieO3vJQenCAR6hWoLN579hqPvTA-DA,Poptãrt,63,48,41,W3HFABdKBhM-Jh-U9siOI64GOUCEdIw9L4wVS-p8RLiPQGU
485,h0v47spxO5SJFDNfzKtBcuXHU-Vq9d53fzL6HUZ7dvCUFxw,Psychopathic Top,292,262,37,4b70rRsnYHs-vQFVCthC_5sdFF_lVjirctP0Ds3aMiju1Hc
486,h31aYf0VEwvhWIigyEdzlNf-671f8m9Cl4vBWmKDvP_b6rY,raspykibbles,82,69,16,iwPHFxVI3V5Z_bdffBqB2SLMtTZUGFFMFah-E_xpA5Odag
487,hBLr58dCSp9xH1fnrzvH0DMVGMX7V97-9j2WSizcPXWfJbI,racecar3112,68,74,70,Sgn7LoXpAUlimKh6ULKHo_dv_U4IZRm7cbXUhUziqwt7wAU
488,hBwdM6GeCOG9Fk-YwuqQSXhObVaC2xja0P8jkvrQXBef4CQ,Nutski,194,157,33,HyPXitD8poQQtWMpbL0kmYsbt0skEnzwi2Y-4TZVuSFcRQ
489,hHJ8Yx243MvBQLovvL5hf6kWcsSHQ45xBf6lT_-LUerrSik,Kiyona,151,136,14,WjAtIPQYLBAmZrXj-RLbrRATV5WuTIizA7IlchYb-TWX3A
490,hIqot6Nf1cqRzTD8M5Ymk45VxJ_hjSYiDTw9wWktNivl74E,Hubblet,88,65,73,eJvR4CBgrooxv0d8HA_cFfrw_6jBPxDX15RTjaGiXa3ZtTo
491,hJvQnbcNttpaDXzNsEQHDhLHZXQQqjItgJZtoJ_Qvw6A,llIIIIIIIIlIIlI,107,55,43,InAPoCqTIuKOCHRQTn68xOUfoOjVPRw9aVhnc4O7pjRw-4fF9b-bkY2T
492,hSRorfM0fFqfN_UKw94I7Kc5LYvLwIGUMLjEjrCYGiTAeNc,DarkWingsForSale,82,62,94,1u3lA-dzB7BhO8LcxPIB3sMjIeV5qzyYD83gNv8Ahagn7g
493,hqxhZCDOXzaWE7m2DFOo3sjm-N3oaPWraPPDyZOaXyB_9Q4,Brown Man Darius,254,224,114,SbcqxrMPKSQ9UDxGiU0O85wxNk_CBQbIWoxng_vdCVhLG4A
494,htHcHJQHLzePbuSIEqYeizAqXAJU24PjuWShQBLmoKTS-9o,Hong Shao Rou,145,126,211,cfRpZzJSGv1FI4jEViluV0ADImDwBYVn-5whK8kHckpk3X4
495,i2G9bP9nHDUj-4yGU-8zdC20-LMsLN6rlsjznwokIZ77H8Y,YRUsoTrash,86,58,44,zJWZ7-u-QNE0kjsV6eO_IF-0yDRjBbJ9ZyAGJBx-cmfdhVA
496,i7UNb1EI1WwF4jDMNosYU3D_0YxDIkN5rRhbMlMAINMpP3A,Jabbadahutsnuts,70,49,104,6-ivJDRpp8LhWFL9EuWXxFOxCO2D0ue6HpP0Zr0PHaFvog
497,iBCZ01pUlCyssZiMkY1yK3Lh3hFv40AIyK5gr_Q8Z5h8,swaggreed,141,101,75,m8UeJpun-0Frbw1AZCsAxacwl4dfWUGcJajEidyH8cd-SHM
498,iCKEXFH2ezy0kJtPEVoiVHqb7TfbV2aOGTngAi28n0jrUH0,Oricorio,79,63,123,FHMg3EzoldAENtb1kjSvW4c0ijwwXh5d8O3sEa886KDvhsU
499,iDSKvOeBPX7dWCBAEWiEyXF1KLG1w7X9f4UCk9Z7w7glb1Y,holy krp,57,38,17,kPiY6xgg8jOBvYyKtljwCY6LZMDOMnYjgKtQHD0sbnWywFk
500,iGk5hiYsjKxBn_whX4Vr07sIygNwthhahYZQEf6bC340ypc,s9pool,186,170,60,cAPFRRvbGAWSy_ReP61xNNFUy7WtDnbJu8ljMb7CPdJFboK4eJvR_b6K
501,iIyeFhs-b2sUaf9xxxH1LLeQv_EhqBl90Lvxap-cd7CzzBo,Karasmai v9 ,175,158,37,GsvcD0mFQCEjNy_1uEZLZhI4ty-AbnknrgeT9c4BVnVYfzk
502,iJYzlSdRgMkOrYyK3HJX5r11NmU177S4KOSkq07RLDQJ3Hw,TaIbot,241,226,14,ctoGhGSlQ5pD9jqq5iXYEcJAQVh5AxRxpTFzWSCnjEYkCQ
503,iJtouKdOJLB0OXdlk7ANhwUrQtZ4PGvAtTrtK2yZAc1Pmj2l,Swordˉ,68,40,44,XHgC094D1aGL9loH5RI3YllQh08i_HVgqeXGMW1moIYzCuQ
504,iKdR2GcyoNngHPzKGIl66jmYy9hDh-iW09i-KTPjW_ki1fw,TRG FTW,70,52,28,2coCxtJMG2hkl-2N9FzaCsEMlDEdglMde8aBS2sipUrxOA
505,iTYY-EdMphO67qvnYXpl7kJmuSEku0Lf5LawdnvI6eVq9mA,Sprîng,100,94,64,FyUKa3wdv_300ol0SBhFjiD2awKsLsB-5nYmYq1upzT603o
506,ijEUy-6y9nhGyxHn_d_4g2WKVpqpKaEyEApkKGddNtNujq0,Frabjous,190,173,134,rifkoP7uJlUEZ04tO2YUjefuJKRX-3xUcqgMBkKpLuN64Yw
507,ix4kBpOSk_0iqSLHUX0-dDIRq42dMKJZNaOtdubKRz-NDto,Gio Monster,159,152,0,Z44St6toXkHbCzY_OZsJfgO6jOYWtaAS7S1dczjG5aPc03E
508,j-QO2_frSKylwwhFuKmo-96ZwVJo7yLM1-GyF5ldfHE8X78,Eitori,71,53,87,T7BuL5Ngo47T-gRf5lmlk9R8DK0Z8gyt3pWLbH4xQ_G6W1E
509,j6moPzpbQFN14CKINvoHuy9Y80hkhLqGj7MwWhJGGh-cM0U,Little Pawn,142,120,49,-R4lJE01rOiQKaX-0EgAi5mGD_hNT9NS-fmlRs4u6v2wZF8
510,jO-fKjgNbUbGf_5QNHXTL1TNqbbDgTculQJqsWu0xUMO9Hg,KatmidRank 1,58,43,139,QVNEr1qu7uCKD_XSpL6ho2WNiRhJikQTc4K3xhg2g1C0FCE
511,jcsgHAKf7Y6PPz42xNIY6u2ZNi4tEBVgRu9-7jIKP1SzfvQ,Michael Steel,97,77,33,YxYvK0elzj_ORiRtOzNkUAM5X64I7cq2JoMtOzDmS6INKw
512,jeAX16Gd_RRl9g22sQMEjBYFBpI5DDyui5yFKkQQ2MEgtSs,Swordblue,277,262,69,nz3uwTzKetPhYUHBMK7dSoC7bGklBfgraUx4etj9dqed_A
513,jj4jiI6N6tKShz3hXzZE6KLk7Ggb8IQW4JwFFRGQT8Fdpbk,Best RekSai Bot ,41,26,17,hUJ_DhUMZ65JuukSc_-y6Q7KJEJgZFO8YzImUme4jvBv8NM
514,jj9LintXnBRW4vep3ul0OaSaeCPOAweb1JRXY7thADTw4Xc,AxelsFinalFlame,70,41,76,YVnlft76Qc0Q-9aln-UEckLs9AH-4z73im3PgIHFTDRlBg
515,jkBf_PQTO9V1o2Fj0AcGxcZO--E5nHfoH895z4pMjblAtC4,Dare To Defy,76,58,60,Y6B4wZRDKM0yNLGTGNo_OD2hpscQz1WY9Ot298PKzod4bA
516,jt-eedzrgWXSyqJTlC2UQdZ5COsZYKVJYyAQGrAwro1PobE,Loco Asian,184,159,115,Z5mbgcbs3A26Z2kJQufBvY4rDkGNLcb5gLGIoAtCGrdKeg
517,k03E9aMT5VxNMWDuGFRlxbXZD8RX3Hr8VJHtRmDCJ11S1rw,Mr Greasy,50,37,51,sj5PASgcUeQ6xDKt7W1rgBh1P08Gl_14T0oxP5LhuH3HzZM
518,k2BrLibmsrTTWJkW4RWOZ8h92MIdl667axX5JKO8ZD78s84,Aspect02,217,204,30,7tX3A0on2PC85OlPrhjft0U_JnTQYbuvJ21AQK-sy7pRWlA
519,kEudFS609bfGE4Z3Ksvb1bWtCV5uamJAAaKtO4he0NjeT2w,Eshyn,303,292,18,JGHxqemQyT2xBuA0rogJe7sF1wmroV3fWVVnAwwJJCw6SA
520,kIqwhRj-cYORBcQbKmR9q-dhy6dd9M7sUO_3Yfgpa10ZtIQ,Davemon,175,152,148,fmtz-Iobdpl0G4pJcE_ITRRqo72i-JyTPeZILfKz0IJFlQ
521,kJGc9-APK-x8e9F17XEp1ik3FOK4TBJtzYM34NRUCpUxGp8,shaarzard,144,126,50,LaotUOhCWZfpkHwI0Wq3m52Q1CT8bzmZB509cbiUT1wmEgc
522,kWRH37tpIjcJPGm65ZfTvtAXRqvyFoNcmYrnLNr2A04DbHk,Hyphe,367,360,52,d0ay5t6cK6-UXdrgS_WI69AUVaGxqp2foD_R1_6qViwM17A
523,konz-v240RY-KvGC2Oxwdwm-gIcJHhz-WwC6E6UIQNY0QAQ,Fancee,94,76,141,drjHC9Z1HPZfUePvnYjXH3EFFsdMjBkJFph8VwEL1ZfLB6c
524,l0V0zFzz7NOmhGqpzfJxDISUni0qb-zlf015vVagbzscbGY,Deltoid Grinder,130,90,17,rSZOlyzmoEpW0t3wmUmFDmrP6EfWWlqWv2qO6EOZpl_eaA
525,l5I-FRBXK-6j03YkFV6fHDKB2mSY9p8DcrXfPy-wWyfs9E4,Kanic,85,69,50,m_-gu_Zn0eWWQPP6xc_X_sSU7qGpKV53ntg76a6jz6Ljvw
526,l5mz2FxwDtl37CqK0RRIMqYNo8lTmUK3AntEeqCi1P7ezNw,AWildMiMo,123,111,75,aUh-7XJSh2XAGvdODj4afFXuSK2S6Glpd-_Jt5hAd5iKvQ
527,l86BeAW7VXeC25X_T_j9dkGxC6UXVh6Cw4uVIjCijEYF8w4,TwTv mancloud,220,211,30,bxNG5EvSQvC1B9k57VCOCx5p60HBJWu9edf_5AK4XM0
528,lFO3alDxRuoEli3c9_EpR9FI2KXViKtcsS3TKkyy6ig4iqM,Qualityy,95,79,32,2eyMunR71XqWsZSE0FhXAiblbq7e44m58r-lxJSQmGmfF24
529,lG224Q7QLlKnMupYeG2tQBm3Ar_vbt0toR7Ocx8qo5PdBjg,KGB9 LIL RED,139,116,58,y1v3Zs3Elfhw5Il5Pi3LQmtEinLnbMOxTv8G_W6oTMdUCMo
530,lKRx9xGY0hg_fLC3p94MZW5CCboxlNT3JHlV4Sdjc0Q1O5Y,Value,117,72,45,tcEYr0SC5bXsx2rBOnihr-Z_NyHUzFQTjsxubA5kJUYYXQ
531,lTTpaODubBcs2H5x4OuMLOhiNg0GC3Ty0EzXL_JI1YRyqO0,Yenˉ,63,42,47,_Cg7Lj_2Mx82HczLJ0SDNeP9od_G6qaYcDzmvl5DNsD7Jw
532,l_g08Di_ZXc-m75BV55T0e_1IEbr_FuF3jNclaxj6klFbx4,CYBERBULLÝ,265,244,50,9hRDZQ64VYAagyqhLtyTA-tCK2qI7uahVJKi4V9WAY4mIGY
533,ljB41WEdgUaPGTldryToAKRYY4ed8RF94GBPWTEQI3YhhjE,APEC AA,56,38,92,PmxGm8c1hsZ3B8yWFXeMeL0eEhClcXwcusfpUjz7Vi3IUDk
534,lkx9tS-0srSnKhUHGUeS8mggcTMyM7m21cXlpgBw-ml_64o,Dare 2 Defy,56,40,40,F5enXtPlgxxHmp5QyxA20K0DsKj2JbkGg8Mug6iFMrUsDA
535,lovhVSJaokjHfpTG5D522r36AKKxwy2b33ERHyGUK8yCnI4,wohuonisi1,62,48,62,xw5_SryGVDDQ5CJZrk_6Udzeav2THi5ZzVzxuFapTlisYYY
536,lpt7Kff4RB1N7y3DKlNKFcWtPmyzNS1tIC0HzdZthuNaDtPo,dopamine hunter,97,80,117,B1Ge1GQ4EXg9EOOV6m5ChGBUPE2UuYTzQd1Wr86AR1oY3U8
537,m55mBE3boEcyr2_UR5RIYfZ1MwdjhnvKCvBVnmyJCNNSEn8,Coscu Army,140,138,119,j96IXgQARmE0S-oDUto1UIPw9dsI8ZAFeGYPX23QxkttQOvFiIjA26Uo
538,m8cavpeigOjL20TfvyuFL2OL55odaKp8G5-zA-zEfx30cMM,Bananaaa,115,92,91,pisZXVzab-C47sEdF8OTQ4OpaBB500oCzgTbkw1y2Je7-A
539,m9Nn_CC8EFmToAaPma8PZMTwZNOqPOzsooXq8agjZTufajA,PhenomEX,157,140,19,bcFBf58lMJoC7uf_XeMmYsjjs_UGCnw68WKEP8ex3hRNSg
540,mHSpJRyiTIN9gt6i-wv6B1b_bjWRPCZPI7zb8ZtISqtdkUI,callmemm,76,53,64,RgjzzybEkMcoU3lsGhQO34W6EpKIwrG6ArculgwEFUWIALg
541,mWZ9T5F9QeFEXIak9XoTnPl7D8NzLL90DRre8wgoH1rWP-Q,Bank of Canada,253,238,34,sWqWuVtMcLR5RHLZzbmzb8wYLRJjnvI7F2rsqgH2RaJrris
542,mYkMf5EDrQxndy_WP_aCUCDQGIr_eRbn4o21R2L6oijetag,NintendudeX,104,77,103,wrRK7lfIfF_LOA2yk9yv3K04BP8-fzvAVkx4fVyHBE0
543,mZGDQYh_H8bPasioEoy_zQhy7fdg4nIRKdbnTTKYgG04yy1_,Kaipop,70,53,71,v_g1zH2mXnRXi4w5P5EyhnIPQpvG4DeQ7eiKZTwJqY6-Hbg
544,mbiw8B9hTFtzDnWFLkXuZztBVYx6Pjh-f-fvhT8xM_tcNZ0,Hugguy,69,55,25,kF5NKyhOtohGag9Iw_QP7h4sj3N03imfqS_1ghFS3t4Lcg
545,mdlpniyKQZRA2f5E4cUUPSIkBer3HuRqEXTaiaQH06NKwd8,The Wild Hooker,103,71,38,NJ58MVodZtuv89or9duf-w5KH9fpla8aCvGCSv8oMXaFMwY
546,mf3QsvBoTIQfBK5GBdZkgjKgh2YQPCBcolIYciAAoSiw6r4,CatOnThyRoof,265,257,117,Ybw9e8gSItjNYijgFeTBll848eSpg0OuxcosAsPbxkaZxX8
547,mgFXxMYxGz2z72OPzF65VARQPWz_b3gH_yYFNRhRf95vtBY,BCLDC,67,50,111,_Mea18KmI2XQF8QsrApgZmJkl8X0lPeYC5lZQOTwAwtRvU4
548,mqwzOHsp77YmX76KmZJ7MsmOCWU7-MmTU3ZcOrhQ9QeA0Lw,AbigSmallDove,82,61,87,ruOVCGVZ9SMIHJ8QfExAQt51b70loqH0xSIdBD74GIuAgJY
549,myJcpXH9cxSfvm0fcH2SJPDzsK3qOzRjsLGCyBkxySzHPls,Kurose,143,123,132,-Ka0vQDtRSJIrM1we4Uqc_13wsVMTAWCz5NjxUYwUT0ACQ
550,n7NinkaD7Ik7_I8r3s5L9Tp70YCdFhrx5AgD6yu1BBc0gGY,YOUNGREZZY,179,165,32,1afELFrRdtQpGhYGDP_BWFWdKq0jEayUWppnyBacBA
551,nVuw0Z7BpxH79HSj_cBQnoED5ch-XBb8MCPXjgh8CQgBiro,Saskio,121,95,134,2c640iB_nOFOaqYLEIRA4rVdGkgVkreNFGHy3qrZE-Pe4k4
552,n_ZAVUhNZxqwOg2WqQ2_kIPxdgB_cjsRWU_q1CS2jRGUubw,SoloTiltOnly,127,105,31,Ni6CAoAGuLHgn2N-MHfqVMmpNd9YosIZBuX8p7G1wwEuJFk
553,ngj6PkgBJwexjY2feR2V7LtNUiMlk-OfhRF2SFRnbY0PYsY,NoukUltra,79,63,37,Rs5LYR6vqQhmP_uZUARKUExUn-zMI56OzbI6Me6zWLN1IcE
554,nhlquTel6hin5cJpT87I3X92VOPQyK9O-P9IWVLjIysWETE,DouYu Tv 4648811,169,110,48,ykBxC1dkv_6Wj0LGpJVTfhb_XcfHJrutQ13ElXwdmJCKs0M
555,ocKcSM4uKu81rKu8cPQm8hA8ayoIWinWEMKMrE2IJmok,LittIeFiery,110,89,79,s9z-r4WEW-GmE4flGBOgs2RiiOM-PyMMFN47Y_r7FgFNjHQ
556,oiMT1vOq1Vz60Ees5zxBYMcW38x2weaRaLPwe118V-iTw1M,erocS,68,50,30,J8aF_zknDwIOU_S0RvRksLHjijn_Dv-Po9Z6Cgm3GQVGyQ
557,ojlGXS4UYY3_xhl585Y06o2u7RUax1mwM-8D2zrAIVGkrtw,Strompest2g,70,50,172,2N6XJ-BCOHCKOlTW80cTkGDUR-VZ2RjIX-xR8pnLSjhOug
558,oky8jdT0CAoheM4asY8VzTj-WeLk97zzutxMBa-x6ILbBcDz,KINGSLAYER RYKEN,268,258,161,PThd5ozfrVQsphfVI6M7DZZJpi3RLjcRGwqTaIk8RTJ6rEA
559,otA1v732xm80o9GGwMFk58xjbWl4JLrW22ATAF_OC5yx_iM,tarzaned5,145,92,168,seFTbezppoKGYNyHwN0py9RCJ3e9YRcfEtp5W9M6WmwGKNnkhjtBOSxo
560,pGieUJl_lx88-IYSNhxWEi8Oaadx2ef_hX7CxldeangC,WWWWWWWWWWWWANG,125,104,137,apyUxmT7TMnM2YVMoFHqary2w_8ZVvH-DjjdSMDbUNr-Emg
561,pLF5tEN6H1EKxljietTfx4JtPKsw-h1jcm0oDPRR7dKOvM0,Teblar,145,134,69,3Gf9ciMLiUgxnkRuZZobFxR7P46o8GhnbIS_HP8VhfeQ6VU
562,pMWaRTSdgqlJpA6mKZqHIp82FpahlqcnyVhuCSsDTqV4AeI,l3imbi,141,111,47,gJfYXU4ws1pdnLwmPglhnLUOUmQNTWNryct98p9rmhB-ww
563,pNNNSqVdGa54MQi-CaIkVcitcfEhuScmgc3xXMPrxx-kTqI,TSM Bjergsen,140,106,159,qTKX9Als38Szn5hxt56IoXgsXnHzNi6QSfiaHgiOfD7-mog
564,pU8DccK9c7whiGPPjeo5EbmoEWm18jdN_gOR7sqXWZ83n9k,Veiga,100,85,85,E2QSjduu0QlyvrE2uL0xesoGybsZrUPkUYsVeQNSE6jSJg
565,pWPEENyvCVIjt6C74MnjlE4pjdRXXppnrZHFPLNja4dLruw,Caristinn,168,149,150,P4GGThIHNrJdpACaqEqQR2Miz-CFtB1QxwVDxSSD6d5stg
566,pYRqVOt0Zk6w3spm0KDdk3wyV2b90BSq04rdI5FuiJrbLF8,NeptuneKK,140,128,15,raZtYxzGpDWrsB3i6tv9smDSYIQiXtrVhXSRke-ejselQw
567,pbc7kmKKza4_kyAfDk4BuxE7zPT3rslmqcRy2zIRznvrNuk,sico,83,64,68,Neytfidja16u469qSTxuRVVvmOIVipmL0l-u-6hwxTsvWQ
568,pcTPXipyUWuOqSvwt5fjERxXa7MrnapoyRvR_slpdph-kgI,Roewland,144,130,30,tuZqjWlmeNKslLxiTtqD9zbbnwCjfzO8BdJLVUh-4zU18HU
569,pfZJAOqgp9bwXBrIZWsoqmSsPGE7u6xMdtuuN_v3w580gB4,Wilem,135,125,61,A-aKpl0kxC5ZZH068M88_eyO5Q2mBLXwtod60IPJp_4KFg
570,pgECzY3OStZlgkWvT94P-sAz1XFscMDqvkqDcfKA8kJXLpU,Charismalift,91,26,33,tZZgdtL9FUAn3BybcDNBDGouWC4eKFtVQoTY2BpaZ_oFkw
571,psU67OPsHnPBozUuKgC0byVLety5-npfeqnwBCWJe0O8ves,Logan Rose,135,100,30,3B2XQwt8bAsBEJa-1zwANd9V2QQ3u5HorLdB466ZLqIjO_g
572,puVV3pTwJKkL5IiT4SwKrpekPgEX3S8RTiBb25IXFiw7nAQ,Scoooped,259,233,101,StSo61V3vx8Txsj9gb77gOTdeDKZNhcUkO528wNK0xeuHbM
573,pyCGK9RJnWMJoRk2tr_ItvLcNwn-6OrakxtKckitrRE_rw4,Noobkiller291,76,60,65,Qh4gNWFkXmjN84Ctooka9EI2iu_DZ1Ju6gvCtlZJtZGYNQ
574,q6OF7u1bSn_GkNqU_wOPuhqumeysaj-WUrV81Qcyh8Ay7Sg,Outclass,95,74,37,LdTCnepsR60hoiQNGkIQg-4clmCD1sFcmC8SkPqdDmfrSg
575,q7Xo6eYco7HrhjtgljjYidW39yCzf46d7xo039a2Ua1gH0A,Undead,101,94,13,wfP9VPxpOvWGNTGf_wOK_pTu7bc1v9I1bOz149HNUUEZxw
576,q8UKKEf_TXY1VfYojZJZidorYZ8gQiKnGTksrYDtGjtV9-E,LoliSlinger,38,46,16,_SiUzmtFTAufa0w739nbvnDATK7wmLWxf-mdf6G8yJoHedk
577,qCGEp3dpwFt6hgCWgXArLzlgODP0CoWsQYaVcJq3XuvKh90,Kaos Fangirl,126,102,64,Deudcyt8XuELM0w44deEoKAnB75hW0yT7G-juwimu_dylneDcjY7hoDQ
578,qLCYbCnVmI2yPiXComKLF0kIlOz4ycWaeUWH3KCPs7yUy3M,Vondill,59,39,92,s30gGk-U11BjRnRSjRT5VuL53XrRDqWochsSeiRvPt9rEg
579,qMS7aY0YsIgQ8RpOMpINBNsJ2rArwLOOPtH_KBprkVHnyXc,the sexy kane,205,105,0,JgVaIK9hq28-JCmGUCZxSvRFyzN7k9lALwEJHKieWX82_4c
580,qfBSyzdinlFeGUNYE2RYl3KF1t2PFJinF1xjKd53Kik,Silent Serenity,73,53,15,YQ2e4YTstMDN_DNArdhBPrhL-IbC81byjKbefH3MaRiKNQ
581,qiaA8S21CGMhu-UuVknWWVE3G0ANKnKo9QzuRvRumpxJrDk,KyleYou,38,32,0,IBFQDWH09ZWORCzmBaPKdrdp0rn-ciUlgGdhhP18M8WOZZA
582,qqsbqTRFSXMFnodiUU6nVtgLbW6iahH59Wt429FEQR_6ru0,Wizzy,94,66,104,809nWrMzFzpKRc5zLc9eSR0uy8GrBq4YABWdR9X48NPFtg
583,r3fC-PME3bmEv1xaGbGe37j31ZS7y55pTtgr5qjEFwLlOIU,Miralith,100,68,14,6Ye63_GuyPpI_9QRSvxrv4eioJDczICgCN5tm5NIRykGqw
584,r8RCFv0oqHvb6Agz5W9fVI-lhSLiqPMhrKB63kBFvqgfJQo,pls win coinflip,37,15,68,MzDfjmT1HBvj1s-mulRBWPItEhvUpcgNYQt7aLyPboVcTeI
585,rCx4qbbG3VKRkZ4z2Zz3f7oBNTNJBf-A5fMlarUI4h1t4uY,The Bosh,126,111,76,inSnLwqGnTO0x7QL4Lu8H3nTHHVsv5kO2hXCgdJy6A-Cfw
586,rFvTIqRvyjCCEIqC7GxRNI29DJcaH6w0CVXpqIudxFewhlo,Majestic03,56,33,49,cUYgVC1eq0IlhJXp18T2EkPiXaGTUywh2TFfx5qXVd8qtto
587,rG4Kgmm7IeW86_fMwWP5R7bF08i80ulMNAfh2GqYVrAHp7k,Riot Weeknd,47,29,56,D0vljT0o1qZqFdswTrYwt9O_KGjNICziZmdpVO2175hEow
588,rGDDOcZsrLmXe8MxXjOIceeW7lXvKpEvPoCRsCOOAJBWMaI,4 A 8,244,177,47,gdVh2iRGll6vW843EfIcdvaQDUFAg3WY-mAYNXP7MKI3HOuJK-9JFi3E
589,rOaP-XwOQ_pyM7IqZw5jGRJAxpC5TuamMST9fMusZKJSC64,Munching Circles,104,69,161,7RoJgPCcYLYDV-_rSoUjk6AgkF6idQTyKcl_I5WZKQoUT2U
590,rW05L80urJL3RQsp3_GnErG1DqC28W-VsEwk3FfyKynTuW0,DA GE BIE GAO WO,213,180,0,K5j6x9olEXK3wWypmLu3IUB3KGNvEzlqHJmhlInY3a28FUE
591,rWDhC6Q8vHlkMQS7IxXUausAs0fHILccKhTHl0RBQ2u4N5k,Niles,128,111,154,RY9HVq0OANPkUVmysfrDldFt6whUr6FHUUDNljw6wMaEbA
592,reW5v7YqwBkFI7TDhVqRSaqk5YOYTLfsW9OrMqrLLQ,Kexi Kexi Kexi,58,33,67,qzb33cyHn6zFYh0ktvcItQZmv0TSawlTBVtxEl7zBR-qww
593,reZPCPnEGHpzw-Uyhyf8upKPPag22wrRPpR83tI1EEB5w0g,Uch1ha ltachi,48,36,43,kRNe4RQtflbNcD-t61YHtzcIpjU-zvwkGSmR827laRLezw
594,rfY4xQDjHt859IgiCz6VLNUFWP-RVRz2JiNa3PaSkaidB08,Zahnet,111,98,41,Nr8f6Fp8rQ_8XomO40N7wJuuLi6TiOzDXK_7YwjJnxNoP7E
595,rixoNPT_ZczB1EpSjQhzHzhIqVo114FepngXK7TbO81AFrA,xPresident,146,126,49,sVMIlHnmVPO9bx9DdNqpybWvJIMSgLsrRIHmulU_0KA
596,rkl6Bx2Udn34gHS4tLrdn3o8ekxRpq6PED-XeN9MYF1jB4M,Polar Star Dorm,56,31,61,i5MTxineO7UywQMAlkLnQh52WWHTLakaXGdo0Xu4_2Wnow
597,rqnI8lp38yWm_vriZy52EcFU3eHdr7ckEwNpOKnN_PFJaDY,HU Titus,250,242,20,b073MW320cGDvYrgR02lYcuVZKugevJOYR4BIkaa3jmeL2Q
598,ruQyvL_pq258sEakzKB-FZeAPMvEjt4V-vYhDZxOsRsEau4,thgink,104,47,35,lF2_xQcljFU1MPG7sgYB4dBgUuNseZqnuU8iax22XXJ-hjE--5GnDssW
599,s--tlIlhnRFfHWgFsOt8rKMavdnDjEwAAIFpkBpnPeRU_3sB,Drutagan,77,67,152,cwOi5dmhLq9RRqvY0nYv9sekjYCsXo0seqJzalrkA5EOsV0
600,s-0yFNi2zLmVS4yBfhtpApnzasocrvuC_49Prxu7gmoUllE,CP Freeze,137,110,172,HV8c5MCZWWyQjphFCxNRk3nFPNGcCdH0RpQN0xZa0woJdA
601,s4BYDm-FSTQiffwSg3cIerYqWAmCme_ReltWk9DTO9qpZ30,merrjerry,99,86,63,28tYfYmUhUNX0AbSF2RszDXcZO72RNOs8fTk21whduxj9w
602,s5m-0KYeF8fnaMiG8HIKcXQi3yqeFmIgnS9YY4n4YxI1hi0,normal top laner,93,51,31,mJTSdotbNOOQQ-GhZYymJo8R4A09S4QSMxFXgdxaMl5Sag
603,s8qteJh0YpW35JhcZMNdODfuhgAfH9tT4DOpX8gF_iTu-EA,Ezadox,98,80,30,YzPmcfY_EjQoAyXjCFEUcEtFgg1CB9doNnDMkMz4t63TWgg
604,s9iif1sJ-mMvezMpfGaP8U2eYGuiG1EGntyyhkEtKVNnkoI,lae young,70,56,29,khp9X8OZk3kLykpnBVTn0VonpHd9C_CrEpcqdS_b68qEims
605,sAs9CyQtymIrQf6jiSuxP4u5557LzarfrPhza7dAFIXV6uI,Yujong,206,189,28,QGgIRDLa1waz66IGkcNQ6sXPlfLZrRQ30QdtIQML86JOWP8
606,sHKpyYRuMnwnUo9yUtWCCGNaeA50i3nnEAtP7fNYfNInpCI,Akeelo,127,109,118,sFJabUdui-aYhzBLn41a3YcgmuhNZ_QNvGB4NZe2T9TOcg
607,sXQeYm2_N4kT-nMUZJ5RezZLT565jQbCpWWftVjBRcUFPps,h2o flask,108,94,14,i_44sA798OYv3ybqqc2PMoaB6B7MZWNkkdqIN_E8Fjop6Ec
608,sXYscZ4haRnaTxrLPtvl9H8kLi5Mlnrix6SHq7xQOadBHm0, Sudzzi,82,57,20,nI03A1n4rDZKvprgIGy3ml42U3v12ik5b4r-RI69Au_oLQ
609,sZV9EHDrlmG7eUNuZDgE38mQWCfbs0qAqUN6V0cYq3E1EnE,Mr Dickens,152,128,15,YW-SnTSH-5LepMkfszw9x-v2whIBhnYrkinBgrenL7g7_2Y
610,sa0UX2OzQuJ0eMJG7g4GiPT_x-19qrn4g6-tLy5MIxUyer8,Bánh Bèoo xD,139,112,70,GnkisIkgm6r06BKTX8KII8KtC_Q6y9sMBhHgDiIyRXWw7fE
611,saP7Aepk4uAiNK-iSPRavKD7p4ccg2QVvrpxlJVrBzNLU6I,IAmBryzn,152,124,91,PJx088QxFFFDC5x6Mg7UoEaHYtidAG7xExxYOGpOXNwaSw
612,shQyt_dDms4EHcSEMwPeHqBap7jYm0GSREBS9dr8hxyB_A8,AltoKnight,92,77,32,YHvnO6K80YdUmPM1oI1mkQJ2ZOB8QXAnFcVfu4dcBGy86ag
613,skM6PRuv45Db_usJpD8C3hxrivmhnPcs8dWUWAFoVtyHWvE,LP Yoinker XD,61,34,20,Pt5Mz-FS44I2ISPV67U0xkzoXBULZAK_5DHjeTcPw2ZfQg8
614,sqgJfoWJ4SlumaI0c9jYgowNWLmgx6DP1GFYf4YoysXKKWA,Gli,117,106,35,CeCrZmT7-v6njDtiGlJDMudhPiPF_53zhyk_vu0_UQFlMw
615,sxxn9NDCe6lPUn1xXbG0xqYD0YWeYSCjlfdiHOuHhKNLPkM,stellar hype,160,93,63,yl2fSp3xh_AK-jPz-Zqslob6KxGfj_qqDP1To2DGGNNq7yo
616,t3tCt-OJollcEaHBG4XHn0VH6QtqS6ghUSTtM1suzWR0BxI,3astan,209,191,85,MYSJ8tv7xG0MukBsWLB648ejP5jZ6yRGyZN_gj--2KSXHhE
617,t50xNjKkfnRZEugxSOssUjkH2wJgDY3seuhQMigVLW7KTgY,RickChum,62,42,18,TL2tIAZw3DSZrlWiKyEykX0C1tnb9vpdjPgFfA_fZXRrA1s
618,tAWle77urVYsuEtxagmiZJdxCJ1A9__b2p5WDLG48dBXSJU,DoToT,287,269,17,TCrzyi5DT7-vhyWKqtJb4yOkvLr-NF9tnlEAIfoZcKbIzg
619,tCTFP1vTPtO1CefzlXKbesVTSrhU1_gdYQfCp7Cg470rlkY,diamondslayer224,71,45,109,G0S2QnFX0GlIj-sLKB7If3L_JQrkzaQG0FZDKX7DjdUMy0A
620,tFlJbyqPEc3_U0dajtwNl9_015rjCDmyqzu3VqNDbYKEXvs,Kshuna,98,78,102,3a929zlT7e2b_fUYs3EiTNFaHoeZMYuCDsDV-Y6ZFzCas0A
621,tHrFG6UlKnxGI4tC399FGr5qFB18lW1aIk8lZENm_HkKhYU,TSM Sarcasmju,48,29,118,_7sEznynvrKt48FjsKhWrq1UwK7NpUmkWOPDnV0Dr2iWxxeQxOe67xp_
622,t_Yi-oQ4BElfWLaRggNgcVJ5Jw1Ikq-4SHSvu7FRtGQiM7xY,ApatheticParrot,78,57,83,5EV4DYIIpBSXTr7G2WXEKxYbrpL2-1CnFu2TFsewZox5IwI
623,tcQPCEJ-oEw8_rEW_6SOBu5WQIJFj7ew3Nal6TIhOQRpcyM,DICTRACTION,126,109,75,RyOjK1hK6lInCB1Ue2Hnr0UCwW6cD6kkJog7XZktM8O9jUg
624,trLUwMfrV6C8JRApHZFBoC_eGdDHt0ZRW_fYf59DAX9DAE7S,CherryPopz,153,141,44,8gAn4mZXUTl-kP8vf6DSNTcrQQIpnmRGTE1ObKDWdggsdbw
625,ts6pnrtw9jc2cUPF6aEAupLaQ5b9-zKPlsSMPsDcO3tijZ0,lost and gone,114,107,29,a7WxvvRx3_e-J5Xkg0sQcY64W9EvEgNG5moXpnFUPPVl0w
626,tuj6gkPqu_1Yw_cyqCkjSdgKuUbkWDz14syXIvNuraLLaJE,Fox FeniX,104,86,80,cynQDPVTRnkB2nOEqVSqLeCC1UFnqcMthehD70SulNTf5Ms
627,tuz9Pgd42RDNn_52mm-zc7rGiyAngWBLgwrMb0JOWCv6tlE,Spin for Penta,150,136,32,5zc4oRfqIuR9ItUbmJkNsBT8ThIMu1k6w7Jb84qP8oLby2A
628,u2E9rii35ZyHP4AM5EX8BA_OcZrwxNSUrzP3ySZXoiu7OmU,jinanbazirou,62,30,54,_Z7T1W5DdYktW2hlj2E3L8FKcuO84vgs2BQu2oBTpjLoS0Y
629,u4UJ0q69OplbEDwU9J9Gnl5IMhElTpj36MQrutDEOq0TnDM,roguebunny0,85,53,145,PeVt_0aTRl6-5G0iQEg0zoXUM2_y6A0DUrNwQOYLu7MGOkc
630,u5jsOa6qzp6xGvWBunOtmgwYpOUPxz-BS1bpQc02BZB9VxQ,l Evan I,109,82,157,78TDXaW7w5FjojB6ZkXUgT8jQT3QTwWxpzVR1Lqb1FdgtzY
631,uA6CL2kGEBQJTwE9MuGw71_vVPUejT7SmNpsYAawN87U-5I,Wiggily,118,112,31,NITux8QR-3QI9l8hdcE_JLvSGlUwkHgMpjQ5xo2Ds6UvSw
632,uAwl2Ypsel6UPYPO48Y5_zbZ5uhZRJB1ZDopru8SIGhC17k,Code,277,248,59,8-TMU85BDdAONbxJld6ZBWl1U2Zet0jn39ewOXvOY5MtQbQ
633,uB1iX914tyR2eUXuUMsb8UqR5dYv1zSttjiItp08qsMuyug,WickedWazer,110,84,55,qC7BycBza2H09drcCjzyjtjrWypYuDpbBYFOb2u1O7lO-w0
634,uGPkIb2L-pbeguvTrqY1gq5ee2K_i9bLP1Y1-9VjVssSDrw,Sharpe,161,146,33,vLYTuezyurey_N9073ar8uMKjtdjSRLcCPsu3xYVWnzJ5g
635,uP9nyk-P6zL00up_vTc8g5yExjgWABKPbYSdjwS-M0ITilk,WAACK,110,88,37,DX-hxQgLRyfxZt7fZBW20m0jFiRNt-4zqbkN7-fTV-a5SHU
636,uS6gMae3FTBn_C9Ku7s4u5kS9yuZACXMmAjX6c0R8JDaNP4,Hapi Q1uzz,65,37,15,VbUEhM0--OZtQPTXtQccsYBoyISQQz-ef_0MiRz-ZOJN93A
637,uWXByKqiRcm6dTKkO75dlsmtMxrHo3l8QMR3EXe-FDCpVzA,Boris Oppa,44,29,154,J7tl1O66K8BrvwyeyW3rkzke5Qc9Rv92s_g13zpi0IManNc
638,udZejnbJTVG6zUPvqenJl06gWOWdatzUeX93jBYt2wol5bY,GoneMild,104,87,91,uyWyUb1N6lA25QlKN-H2SgSwRY8vvqeI7FgVG9PlazqyJvY
639,ud_0IwZs8sOhatANYoU9idHRpUpRgQM1IBy7sb6khKojEaI,mental implosion,98,83,71,2Cm-pbYdJ6pR5tEpes2_GnkisEjCceuqfUcQBAXbgU_Y2g
640,uddzi_FWIpAw0eLEYRcfjSUjZLhnJkLzFdsvax7iYE5-_NY,TyChee,375,360,74,EfbAmeW9Vj-9ch7Ij3IL7hXOfU7My15-3SQJ2M8HyYI2Dw
641,ueIFoIPfwsTqlKAT-iXJEJbRfgbV6839jvhswIWXY-hUSt0,XxKaynMainxX,66,55,29,xkF8VmNs_kSAVQMVQF6FNyrX0h1F-ZqXzChIJWsbFQAXWSo
642,ujPRUsJp22HlIh3DK2FqtBpLtIX4sDeFjn_3taDEGkbYrXY,inyubi,152,125,16,6-RC455nD9QRLxuhTiyjSD68_9r5BfZYqnXU5xhGmRrUvbw
643,ukm3fVvM1XQ_niiPP8qkfBFdPTAGcKyunK0eXxM0XhB0n8I,Red Eclipse,123,112,103,Sh5jWQNL60s_JnMZj9mQ-5Jx6dElS1VHhOqx6JiPt1WAhqk
644,un3K775EvIwletduwc4x30z_OpHv0_jVPSzpUL7tFYCeaJk,Jongmin,69,40,72,U8NgErrPXWlvJERIh47up-zXRYWlTBbiOQZtcoKTZAeM6Xk
645,unAwjmRCyUR51o6W5UTnw-Vju5z3_G8bq7zbVSTALIKudmI,freelancer,136,105,152,hqEkPzedJjUHvadHoEuQeOaNhzYvKGL_sDUjfpDyML3JZg
646,upo_mFHGHEjzi-OAjHESXxyxhwgudhhPdmiaFAU1d-uy0yQ,soyboy manlet,161,138,128,x5kP34cjbbGAM5TCs5VELd3X22VHr_F2FEnVo70JX939f90
647,utRWK4L8CCIZdtYOuFtWYFU_gmomhyd0geK4oC2dISMc0IY,yi   monster ,95,69,69,xg_7A3z9Umuzd1EmHDHhOYsSUmZeL5v4i83_ydFCfO1TTRs
648,utuqaMo7kyGE6b-HAknL3dkkocF5JQ-YCbVSdr1RZUhahPk,Zzy2016,218,198,12,qH5mYBWs97RrC5veuzMQCs3FSjv9XM_N-SPh9YCdx8s0Vkw
649,uwI-Dx4JFcBBYb4K-SeTohP0SCOahCkdfX6bpdpVtEdXFW0,z x c 1 2 3,325,307,46,Mv5MqgSlt4XHWiUhFZaMnwOP33gZTeZlsRSwVRoyBCTt0w
650,uxsHbSO1yEvTfA5966UJQeOLzpvKaIagEAutAsyzFdOPiqg,Quy Dep Trai1,159,138,41,Le7zwcvuWp5_g-WjgeodEyLtBeo1DmKXL22LnmDvq8TFGw
651,uzcbLiLnk995Dla9AsxuquFl601WsBwTev-HXQVuFdNscCg,Orphelin,286,277,29,ODjdN0RQac7b_PkIJgefNwCHOZZ2mO3cjyBlzSWJq-ZEVSE
652,v0N5R-QiXLvHh5AE7HAKBsLF2eDoNoh0HFyAZ016cPcASZw,Bigbadbandit,121,111,72,KLWIaylXNGdDjR6mPzEUTYHdA-nYX77BJf4TYEoreiy-SQ
653,v19hkACM0aqoRXtbxhW7TT5p59cR0u-p7wnvV09fcZE68ks,UnMechanical,94,94,16,jB_6146ecP8g41PLrYb986rOxlixOe2Al0gJ2rbc5N92Ygk
654,vI-hAHdn2nQIwVVeufxOW87CgnwfjibllSKmtZErh6gSluc,Turkey Breast,268,268,0,A8ucOkvoJ-zyzwHvwXYrfqxPn-7mS6xXTrcOx7eS4JUDJw
655,vJAeTmWWfscXEKGUs0IhQFOUkMhWrrFo6Pg2tIIpF4mBg3w,Azure,88,55,46,u_iUgc8OndV-w61VAz5y0PsWFD6c8L2vhLSsKdnePvidir4
656,vM45XTx0_uxiWmEJeJKx0-KDjiFnLH2yvdayVCJriMWdGO4,Subduction Zone,118,101,123,snn2NJtYil9Rh9r2Yq16SS8AwDLMlM9LKb0H3DvulZ_ec0A
657,vMoQ5pfj3WaAetibxOPg4U9nlO05NX339Ql3kglyybMe6TU,Taner Won,287,281,48,x4b9C51pvoHs7mVM69fd99whe-oK1wB69mQB81EW-ohKQ9GW1m1XHxjh
658,vRg6Gsvka-jV0RI_bZL0PAI_dQGlXxyd6k1tw0YAw4CWotw,Takashu,73,50,19,-nQMTGvLWmIMJVXsn9Bt10wtvyCdKpGJeb2lXzLUA8QOsQ
659,vS952GwpYIA0dpicEkYoG95FGwHiBTk1XrRyFpGV0Uwa1aw,jookiie,51,32,36,S4RLS3eDAh0LreBsISlaywe_4lAIfokWs4xASt9MndBZQ10
660,vi1JnIPw8TRs1ad1rensrm8axGSJD1kKpPuk5BCttghjEhM,faith75,115,106,28,EsNh9Cu1VE3cMpPemVVYMtqpaQZ9--JrZqYA0v8y3lvEnQ
661,vxhUtfgDzTvsiNAo33KnGigbMcHX9W5r6JPIr7VoNiHPCmA,I Shadow I,125,101,189,d6Z_2ru1P6LAL8Ae0PhzNiUGwlrWbfSRjlvwsrXE98QhBA
662,wDzxO8BIRKSGORl5buT405b0fSEPcGmn3G-mriqYs-DUHP8,TSM Sarcasmna,58,42,100,2m00vUYaIzDzx90TQsudQl8sCxQthJ_osO6IDAT_YW1VEs6-ml0siJN2
663,wJ5K--13suboH294EpXYRIkccyL4jMDbkwku5dw6ESVY6HE,Gorhunter,180,165,22,SeMT2G7UNfPJL4OcD_b6GmeJxIcuNbDDOaf7n-CFBRDv1AA
664,wOQS_JPRfksmdh2QqWAmyzNrC_z7U5GPQWBZyV8QimFx3Z8,Fiddle Jungle,125,112,105,W6S-dE84nKknnHbZscVN434fKHGlz-YO_ngfLK3qecca9w
665,wSfZ-9wmYFDtFrhb2u6CV5MdDj44N9yqslvdbTGBFDCW01M,BÆSURI,24,25,16,LUXvkJ-GOevOQXteE2iVxrEuMPC-2e0IOoR9c5eQXqVpsg
666,wZtn_R2qUF9jc67siPRF8x6FrtCFnodestYeeDOChGQxB2E,Klarion,149,135,33,umkYqxz6qpPk0pDbFmq0zeRzcmwQs9OamfgK2A9DqTchwg
667,wvagwKm-ihZo8bKDdQkFGmJaWbH8dZoel_5egyvzvWnD8f8,Elopster,74,77,85,0elzV65qU4FbMi4VyMq3CKtEsdTIKse8a8JNT0pankxB_2w
668,wx2YaaLcwHzsZty-ZTgZsVw_Vgq0DsG4yXLuavYCouXy-eo,Basophilicbimbo,163,140,0,v9x7uuqoHnkxMAcRnTddXs9YZKWdiQ-myEnBtCYj1P_gVg
669,xAkvJJGyVF6dO5wXqtg_QYyD3GzTdaDlNiIOEt7Hrzgjb0U,Ajido,114,106,164,GbrtJX1Hy-lf4KFG1VRW827zyCUxrmC_lzhNpAqSpY4sBw
670,xB6yQ_BrxVUKGTg1lNFsxk7HONUbfezWB3_SoaG-gUbE3Vc,Rizer01,270,252,96,yyypuMnIemYH8MLZ3geSJnA3hwEK634_8ia67TaUHEMBDQ
671,xNFSc2MyC3s3vbvVUp2xgSyOmDFw_8uvaLBTZ9patpXrQhg,ponder life,304,290,32,vIhn2-gu-t-ikey_trl-Zb2525ZN_2GBsKy4Cmu402ss9A
672,xQcYZWEqaqVTJ57UXpyX6p85ZODyZI2s6B1cyrQRZbTrBuw,nbaka,90,58,69,J2HdXoHnGc15ZRuO5u0bD2YELVMRggKwt1Mmh0zn163jAPY
673,xT5lw3lfHvGA7BnWWpc8F-FvlEJp0Uay5rGQ7RRhJnSTDLI,Twtv Lathyrustv,110,99,15,gg2aoauxtHGBwsPY7xUS4B2AhN-3Ogg5evoYHA8l4dLMhAs
674,xZJZDWL7se3PdVze6DCnObaN4-KKJYzTCgqBK6ipaa5U31sK,FIipped,110,96,73,8m0C8gPnM8iQzwG3wMJqGJyheVJI4Y5eeAhCnpxxoiCBJbc
675,xjRA-Cuxcmj163eDja_4G4ojSFraIL3-xPCzy87b_8jH_fs,Vortekexy,140,119,98,7c9H3LJefVjeaDzg9wfBJUwOaIDitBYuoS-A-ZUGKxecyg
676,xjgrs1YOq4AdvzmEOn_RL1Akz5OvkAsnqgZpHZ2hy1o2Gdg,Sophist Sage,93,72,76,wob9v3PHzSurqIk9H29oWiIlCgzpA2BMJ760ByMm4LZaegg
677,xkB70EN--4HskumgpntEN3LrT917OZE3J1eCdTzQbkr8d6M,Draven baka,505,497,61,_BW8WNRSGuJry4UWnDLc76xfUtm3TkiSyGYWB5LddFfN92M
678,xmA3asPCpg-eL7ByB5fCVay_7V275sRBHtEfrM1gFG29Y0g,Chase,184,166,53,HS8sx1nQXGePKcwQ85Qsff9KTp_TqNwBkDKqrufYKqOleA
679,xqn78qo9OIimO4rZMqr523C3BoJzYpMUqza1yPHoLwwD9WQ,Eclipseˉ,85,84,99,qBGHLfuUnu21b5tU24HQ5mVpzeB9S7wYLDU4o6JkDHSsmkw
680,y3NNbOE7RKtQkR6s0x0fIGNU8Cb82TUsArcB_FTPaGeGo_g,Hypnoss,203,187,56,-AJhNyGpgBctdkbNlmWYviyHayw3DZKu79VaoIND4KN8ROc
681,y6hQkRwHAJqw01HW24DTAr7rC3u_VdKq3yfKLf4hF88sNpY,i didnt bloom,195,179,132,c3FhtI5KZgNj1-e8BPEqQuMsDo2AzoxleBkRBo4pBMLzwA
682,yO2UkJFmFulgA9xWFJq1H3K11QSlkfN4q84W7IZqYHSXAqQ,my dad rq,147,130,28,tfSmTa_TyMnUNCAM7-hPM8I-JS70DpqhzXL2v-a-k97Klg
683,ySb8PcYd-IBd14pdTUZ1j0rwOd0XWFrlUntOwGrZSYd17Bs,vx643753602,71,27,80,uNQTILSqBMRZzbuB3mTZAFa5_-ncKQ8eM6OwVEEqqqoaCEk
684,yZm9gHySxIzvR7k8p2y7Yqz8_Y9Wi1qlKAUwC_5eo20M0aI,FNTtYNU9rKc,32,20,18,I8u3cBBzz8nUnJga2ktl97MdNmdnnP3hy5KJqZNWDoK9HKlrWICMO_5h
685,yb2GHfdSPuLzZpcXwgaryPOFTBN2-pnJDesAD7aIs2TrxkE,Bobspeed,199,169,89,2c8LzKo8P_6NS9lf47eQZou2rUlvWHEDb0jL6lSRmMY
686,yb47-WmYizztfsIGU1QtI8KHcA-2uIv-xiQPmaTGP3ad-hs,KuvoNA,169,174,98,0Z5Pd21C0PZcWiY55u2XIs5Fm8uBba7EEuXfLnA0-hHhNOw
687,ycCzl3WxSLcRj8F2M9DzoHLf-k1PsHPY-TLZgGwZdCdR_G4,ASTRALUNIVERSE82,171,141,189,edmwkUtZ5Z-CAL40PLo9hJVFhqY86DoWu7SGsMO-mBbgCA
688,ycKORENxwX0FeQ7EfyCQOrY6BcPH2Dr-zUu2wFlGZLYyYVI,xXBigNoobXx,70,49,151,uCZFAMgRuiEUF44hUrC_O__2zj5JJ-x4mev4-g2bYCNLq83ktDZq4INz
689,yhpQrPX5N2tox-7lcWVyxJcSCCb3ESvS987Y4wRFnUHEVoA,Eric Zhao,129,105,137,S4hqDubwOvk28y3jUJ8O4juYbTuNWPFVm5-KdtKbA6xbsxI
690,ysloT5gRE1uYX6GRyrCs9dG3Q603JeF_MIABrld-wBwFP5M,Jacob Goldstein,107,94,96,_fisEhfPECkWKFDhLgky3JX5wUk3yHCFBzNlxi_W0uyKowM
691,yti99k0F49DPwyLmq44dlSXUq4Z3MpvrMZltlDyUjWe48VM,smear,100,75,51,XGqdFK7PMsK7NyIVQ9bQC9IzcsL_I7E3gICoyC8r0Zo4kQ
692,zMvNCFa57CKrziqq7bl1my1fu9GJBCpjyfhMHElaxjn3OM8,twtvZaionlol,288,268,41,Fvj4RXaYdlO-Vbs0YGx8lrfaH2WH-3OSg6ut5ZxYvZE
693,zNVRxnF444gb53SFA9xUL7PmJ0HNu-3zlZEo_Mc2DrPZN54,Almighty Riven,157,143,38,eZzaigLgTHftOwM0M3kE9ST3GB_1vCEdWCWrKvtUknvHxw
694,zU-QNmLtDRprJEgvgKzFqvOCR15PhaQa2MPRnH0joFqKwZI,Profound Idiot,36,22,23,YH69tv_xrw1qSxVY2JxJs0vLqb2DTpVbHggs-cEZrrYfo3M
695,zUp5yqhyLJfYdFLNKwpz9T2mzw_OXwcYe-JYccubBK84pDQ,Pyroen,252,234,68,ks3VGpzfIqX-HDoZNv4-MM0kv_10SL44_SwLcfFCUeAvTg
696,zaPYpQycm7Q-nR0e3ZSFnQa66s3lBg3hrQOzg6TMc9U45cQ,petitpois facher,136,123,23,55eqX5IQcFvwiHRpkrJMAwvc3D_KHmFtlgP7OehXgHSu6Q
697,zgdtQqkqs67LEr_oFi5c6lp0mM9NAjEN_F56jtHll47DFME,BarbaricDictator,220,195,70,ph4f527t_Thv0SI4bbuw2jd6M3Uz1q4Q0Rjvzl--91iLUV8
698,zkYDIfnUimGO86iNrCIpD5wwe9yL591KsNGA7ggyvigJ70w,Trîgger,221,205,28,WWzNGxa-pWkrq9-KeZFMA7KAFovqPyVerGgnNmw7dA
699,zvND4b3NBSg5n3gBkVAgpKzqSR5RlL_u1whBYr-MqHh5B9g,Darköng,236,211,7,c_9HU-e4oVq0jkgWXLcvwyLEqsCWTSl3Vw2Gh66TgopqIsE
